order_id,quantity,item_cat,item_id,item_name,item_size,item_price,created_at,delivery_address1,delivery_address2,delivery_city,delivery_zipcode,delivery
ORDR_001,1,Pizza,it010,Napolitana,Large,18,2023-05-01,"42 Willow Lane",,London,"E1 7AB",N
ORDR_002,4,Pizza,it009,Napolitana,Regular,16,2023-05-29,"22 Pine Lane",,Bristol,"BS8 4EF",Y
ORDR_002,1,Pizza,it016,Hawaiian,Large,17,2023-05-30,"22 Pine Lane",,Bristol,"BS8 4EF",Y
ORDR_003,1,Bevarage,it035,Fanta,1.5l,6,2023-05-04,"9 Maplehurst Lane",,London,"W10 9JK",N
ORDR_003,2,Pizza,it016,Hawaiian,Large,17,2023-06-29,"9 Maplehurst Lane",,London,"W10 9JK",Y
ORDR_004,1,Dessert,it026,"Banoffee Pie",Regular,7,2023-05-14,"15 Rose Lane",,Bristol,"BS6 2EF",Y
ORDR_004,3,Dessert,it025,"Chocolate Brownie",Regular,5,2023-05-01,"15 Rose Lane",,Bristol,"BS6 2EF",Y
ORDR_005,5,Bevarage,it028,"Coca Cola",33cl,3,2023-05-19,"53 Willowside Avenue",,London,"E13 8WX",Y
ORDR_005,2,Pizza,it010,Napolitana,Large,18,2023-06-01,"53 Willowside Avenue",,London,"E13 8WX",Y
ORDR_006,1,Bevarage,it035,Fanta,1.5l,6,2023-06-07,"41 Rosewood Avenue",,Cardiff,"CF13 1AB",Y
ORDR_006,5,Pizza,it004,Diavola,Large,19,2023-05-04,"41 Rosewood Avenue",,Cardiff,"CF13 1AB",Y
ORDR_007,5,Pizza,it004,Diavola,Large,19,2023-05-11,"77 Oakwood Street",,Manchester,"M21 8NO",Y
ORDR_007,5,Pizza,it005,Parmigiana,Regular,15,2023-05-12,"77 Oakwood Street",,Manchester,"M21 8NO",Y
ORDR_008,5,Pizza,it008,"Quattro Formaggi",Large,19,2023-05-26,"24 Maple Crescent",,Manchester,"M9 3LM",Y
ORDR_008,5,Pizza,it003,Diavola,Regular,16,2023-06-08,"24 Maple Crescent",,Manchester,"M9 3LM",Y
ORDR_009,2,Side,it017,"Garlic Bread",Regular,6,2023-05-21,"13 Cedar Road",,Glasgow,"G17 7CD",Y
ORDR_009,3,Pizza,it016,Hawaiian,Large,17,2023-05-21,"13 Cedar Road",,Glasgow,"G17 7CD",Y
ORDR_010,1,Dessert,it021,"Chocolate Ice Cream",Regular,6,2023-05-30,"47 Oak Street",,Bristol,"BS12 6GH",Y
ORDR_010,1,Pizza,it007,"Quattro Formaggi",Regular,16,2023-06-09,"47 Oak Street",,Bristol,"BS12 6GH",Y
ORDR_011,3,Pizza,it009,Napolitana,Regular,16,2023-05-17,"53 Oakwood Avenue",,Manchester,"M22 7NO",Y
ORDR_011,3,Pizza,it016,Hawaiian,Large,17,2023-06-26,"53 Oakwood Avenue",,Manchester,"M22 7NO",Y
ORDR_012,3,Bevarage,it035,Fanta,1.5l,6,2023-06-23,"8 Pine Street",,Glasgow,"G2 3ST",Y
ORDR_012,1,Bevarage,it034,Fanta,33cl,3,2023-06-21,"8 Pine Street",,Glasgow,"G2 3ST",Y
ORDR_013,2,Pizza,it007,"Quattro Formaggi",Regular,16,2023-06-29,"47 Oak Street",,Bristol,"BS12 6GH",Y
ORDR_013,5,Pizza,it007,"Quattro Formaggi",Regular,16,2023-06-26,"47 Oak Street",,Bristol,"BS12 6GH",Y
ORDR_014,3,Pizza,it014,Seafood,Large,20,2023-06-08,"44 Oak Street",,Bristol,"BS9 6GH",Y
ORDR_014,5,Side,it017,"Garlic Bread",Regular,6,2023-06-10,"44 Oak Street",,Bristol,"BS9 6GH",Y
ORDR_015,3,Bevarage,it028,"Coca Cola",33cl,3,2023-05-06,"89 Maple Crescent",,Edinburgh,"EH12 4XY",Y
ORDR_015,3,Pizza,it009,Napolitana,Regular,16,2023-05-22,"89 Maple Crescent",,Edinburgh,"EH12 4XY",Y
ORDR_016,5,Bevarage,it028,"Coca Cola",33cl,3,2023-06-05,"26 Birch Crescent",,Liverpool,"L29 5LM",Y
ORDR_016,5,Pizza,it010,Napolitana,Large,18,2023-05-05,"26 Birch Crescent",,Liverpool,"L29 5LM",Y
ORDR_017,2,Bevarage,it036,"Sparkling Water",33cl,3,2023-06-07,"77 Elm Street",,Edinburgh,"EH19 8PQ",Y
ORDR_017,3,Side,it020,"Caesar Salad",Regular,7,2023-05-03,"77 Elm Street",,Edinburgh,"EH19 8PQ",Y
ORDR_018,2,Dessert,it023,"Strawberry Ice Cream",Regular,6,2023-06-27,"12 Cedar Crescent",,Manchester,"M3 8LM",Y
ORDR_018,3,Pizza,it007,"Quattro Formaggi",Regular,16,2023-06-12,"12 Cedar Crescent",,Manchester,"M3 8LM",Y
ORDR_019,2,Pizza,it010,Napolitana,Large,18,2023-06-09,"77 Oakwood Street",,Manchester,"M21 8NO",Y
ORDR_019,4,Pizza,it012,Pepperoni,Large,17,2023-06-21,"77 Oakwood Street",,Manchester,"M21 8NO",Y
ORDR_020,2,Dessert,it027,"Fruit Salad",Regular,5,2023-06-20,"29 Birch Crescent",,Liverpool,"L32 5LM",Y
ORDR_020,4,Pizza,it007,"Quattro Formaggi",Regular,16,2023-06-20,"29 Birch Crescent",,Liverpool,"L32 5LM",Y
ORDR_021,4,Pizza,it013,Seafood,Regular,17,2023-05-15,"40 Rosewood Avenue",,Cardiff,"CF12 1AB",Y
ORDR_021,2,Pizza,it015,Hawaiian,Regular,15,2023-06-22,"40 Rosewood Avenue",,Cardiff,"CF12 1AB",Y
ORDR_022,3,Dessert,it022,"Vanilla Ice Cream",Regular,6,2023-05-26,"45 Queen Road",,Newcastle,"NE7 6CD",Y
ORDR_022,3,Side,it018,"Chicken Wings",Regular,7,2023-06-19,"45 Queen Road",,Newcastle,"NE7 6CD",Y
ORDR_023,3,Bevarage,it035,Fanta,1.5l,6,2023-06-13,"55 Birch Lane",,Belfast,"BT8 5HI",Y
ORDR_023,2,Side,it017,"Garlic Bread",Regular,6,2023-05-08,"55 Birch Lane",,Belfast,"BT8 5HI",Y
ORDR_024,5,Pizza,it007,"Quattro Formaggi",Regular,16,2023-05-03,"28 Birch Crescent",,Liverpool,"L31 5LM",Y
ORDR_024,4,Dessert,it021,"Chocolate Ice Cream",Regular,6,2023-06-16,"28 Birch Crescent",,Liverpool,"L31 5LM",Y
ORDR_025,5,Dessert,it025,"Chocolate Brownie",Regular,5,2023-05-08,"46 Oak Street",,Bristol,"BS11 6GH",Y
ORDR_025,1,Bevarage,it028,"Coca Cola",33cl,3,2023-05-03,"46 Oak Street",,Bristol,"BS11 6GH",Y
ORDR_026,3,Pizza,it013,Seafood,Regular,17,2023-06-13,"38 Pinehurst Road",,London,"SW15 8XY",Y
ORDR_026,5,Dessert,it022,"Vanilla Ice Cream",Regular,6,2023-06-30,"38 Pinehurst Road",,London,"SW15 8XY",Y
ORDR_027,5,Side,it020,"Caesar Salad",Regular,7,2023-06-16,"15 Willowbrook Drive",,London,"E9 2FG",Y
ORDR_027,4,Dessert,it021,"Chocolate Ice Cream",Regular,6,2023-05-27,"15 Willowbrook Drive",,London,"E9 2FG",Y
ORDR_028,4,Dessert,it027,"Fruit Salad",Regular,5,2023-05-13,"16 Cedar Crescent",,Manchester,"M5 8LM",Y
ORDR_028,5,Pizza,it012,Pepperoni,Large,17,2023-06-27,"16 Cedar Crescent",,Manchester,"M5 8LM",Y
ORDR_029,3,Pizza,it001,Margherita,Regular,12,2023-06-05,"33 Rosewood Avenue",,Leeds,"LS2 4LM",Y
ORDR_029,4,Dessert,it021,"Chocolate Ice Cream",Regular,6,2023-05-28,"33 Rosewood Avenue",,Leeds,"LS2 4LM",Y
ORDR_030,2,Bevarage,it031,"Diet Coke",1.5l,6,2023-06-02,"91 Maple Crescent",,Edinburgh,"EH13 4XY",Y
ORDR_030,5,Bevarage,it033,"7 Up",1.5l,6,2023-05-19,"91 Maple Crescent",,Edinburgh,"EH13 4XY",Y
ORDR_031,2,Side,it020,"Caesar Salad",Regular,7,2023-06-13,"24 Maple Crescent",,Manchester,"M9 3LM",Y
ORDR_031,1,Pizza,it002,Margherita,Large,14,2023-05-10,"24 Maple Crescent",,Manchester,"M9 3LM",Y
ORDR_032,4,Pizza,it005,Parmigiana,Regular,15,2023-06-09,"52 Maple Avenue",,Liverpool,"L8 1JK",Y
ORDR_032,4,Pizza,it013,Seafood,Regular,17,2023-06-10,"52 Maple Avenue",,Liverpool,"L8 1JK",Y
ORDR_033,1,Pizza,it001,Margherita,Regular,12,2023-05-10,"22 Maple Lane",,Birmingham,"B9 2ST",Y
ORDR_033,5,Pizza,it012,Pepperoni,Large,17,2023-05-15,"22 Maple Lane",,Birmingham,"B9 2ST",Y
ORDR_034,4,Pizza,it008,"Quattro Formaggi",Large,19,2023-06-28,"31 Redwood Square",,London,"N1 8OP",Y
ORDR_034,5,Bevarage,it034,Fanta,33cl,3,2023-05-30,"31 Redwood Square",,London,"N1 8OP",Y
ORDR_035,4,Bevarage,it033,"7 Up",1.5l,6,2023-06-09,"26 Birch Crescent",,Liverpool,"L29 5LM",Y
ORDR_035,2,Bevarage,it029,"Coca Cola",1.5l,6,2023-06-05,"26 Birch Crescent",,Liverpool,"L29 5LM",Y
ORDR_036,2,Side,it017,"Garlic Bread",Regular,6,2023-05-29,"52 Maple Avenue",,Liverpool,"L8 1JK",Y
ORDR_036,4,Bevarage,it034,Fanta,33cl,3,2023-05-18,"52 Maple Avenue",,Liverpool,"L8 1JK",Y
ORDR_037,3,Pizza,it005,Parmigiana,Regular,15,2023-05-29,"47 Maple Avenue",,Liverpool,"L4 1JK",Y
ORDR_037,5,Dessert,it021,"Chocolate Ice Cream",Regular,6,2023-05-22,"47 Maple Avenue",,Liverpool,"L4 1JK",Y
ORDR_038,2,Dessert,it025,"Chocolate Brownie",Regular,5,2023-05-15,"67 Pineview Street",,London,"SW3 8QR",Y
ORDR_038,4,Dessert,it027,"Fruit Salad",Regular,5,2023-05-05,"67 Pineview Street",,London,"SW3 8QR",Y
ORDR_039,2,Pizza,it004,Diavola,Large,19,2023-05-27,"7 Cedar Avenue",,Sheffield,"S4 9ST",Y
ORDR_039,5,Pizza,it002,Margherita,Large,14,2023-05-25,"7 Cedar Avenue",,Sheffield,"S4 9ST",Y
ORDR_040,3,Dessert,it023,"Strawberry Ice Cream",Regular,6,2023-06-30,"14 Cedar Road",,Glasgow,"G18 7CD",Y
ORDR_040,5,Dessert,it027,"Fruit Salad",Regular,5,2023-06-24,"14 Cedar Road",,Glasgow,"G18 7CD",Y
ORDR_041,3,Pizza,it015,Hawaiian,Regular,15,2023-06-01,"49 Queen Road",,Newcastle,"NE11 6CD",Y
ORDR_041,3,Dessert,it025,"Chocolate Brownie",Regular,5,2023-05-02,"49 Queen Road",,Newcastle,"NE11 6CD",Y
ORDR_042,4,Pizza,it011,Pepperoni,Regular,15,2023-06-16,"33 Rosewood Avenue",,Leeds,"LS2 4LM",Y
ORDR_042,1,Bevarage,it035,Fanta,1.5l,6,2023-06-09,"33 Rosewood Avenue",,Leeds,"LS2 4LM",Y
ORDR_043,2,Bevarage,it028,"Coca Cola",33cl,3,2023-05-06,"19 King Street",,Newcastle,"NE2 3AB",Y
ORDR_043,3,Pizza,it004,Diavola,Large,19,2023-05-12,"19 King Street",,Newcastle,"NE2 3AB",Y
ORDR_044,3,Dessert,it021,"Chocolate Ice Cream",Regular,6,2023-05-30,"44 Oakwood Court",,London,"N15 3DE",Y
ORDR_044,4,Side,it018,"Chicken Wings",Regular,7,2023-05-25,"44 Oakwood Court",,London,"N15 3DE",Y
ORDR_045,5,Pizza,it002,Margherita,Large,14,2023-05-31,"31 Maple Lane",,Birmingham,"B18 2ST",Y
ORDR_045,2,Dessert,it023,"Strawberry Ice Cream",Regular,6,2023-06-30,"31 Maple Lane",,Birmingham,"B18 2ST",Y
ORDR_046,2,Pizza,it002,Margherita,Large,14,2023-06-18,"12 Cedar Crescent",,Manchester,"M3 8LM",Y
ORDR_046,2,Pizza,it010,Napolitana,Large,18,2023-05-02,"12 Cedar Crescent",,Manchester,"M3 8LM",Y
ORDR_047,4,Pizza,it014,Seafood,Large,20,2023-06-06,"32 Maple Lane",,Birmingham,"B19 2ST",Y
ORDR_047,2,Dessert,it024,"Pistachio Ice Cream",Regular,6,2023-06-19,"32 Maple Lane",,Birmingham,"B19 2ST",Y
ORDR_048,3,Pizza,it011,Pepperoni,Regular,15,2023-06-19,"32 Maple Lane",,Birmingham,"B19 2ST",Y
ORDR_048,5,Side,it020,"Caesar Salad",Regular,7,2023-05-02,"32 Maple Lane",,Birmingham,"B19 2ST",Y
ORDR_049,1,Pizza,it013,Seafood,Regular,17,2023-05-26,"85 Willowside Park",,London,"E3 2RQ",Y
ORDR_049,1,Pizza,it016,Hawaiian,Large,17,2023-06-23,"85 Willowside Park",,London,"E3 2RQ",Y
ORDR_050,5,Pizza,it008,"Quattro Formaggi",Large,19,2023-06-24,"41 High Road",,Birmingham,"B10 3HI",Y
ORDR_050,4,Bevarage,it035,Fanta,1.5l,6,2023-05-23,"41 High Road",,Birmingham,"B10 3HI",Y
ORDR_051,1,Dessert,it022,"Vanilla Ice Cream",Regular,6,2023-06-02,"10 Oak Lane",,Leeds,"LS11 9NO",Y
ORDR_051,1,Bevarage,it032,"7 Up",33cl,3,2023-06-22,"10 Oak Lane",,Leeds,"LS11 9NO",Y
ORDR_052,2,Bevarage,it030,"Diet Coke",33cl,3,2023-06-10,"39 Rosewood Avenue",,Cardiff,"CF11 1AB",Y
ORDR_052,3,Bevarage,it034,Fanta,33cl,3,2023-06-16,"39 Rosewood Avenue",,Cardiff,"CF11 1AB",Y
ORDR_053,4,Bevarage,it031,"Diet Coke",1.5l,6,2023-06-19,"38 Pinehurst Road",,London,"SW15 8XY",Y
ORDR_053,3,Side,it018,"Chicken Wings",Regular,7,2023-06-16,"38 Pinehurst Road",,London,"SW15 8XY",Y
ORDR_054,2,Bevarage,it029,"Coca Cola",1.5l,6,2023-05-18,"51 Birch Lane",,Glasgow,"G14 4QR",Y
ORDR_054,3,Dessert,it025,"Chocolate Brownie",Regular,5,2023-06-06,"51 Birch Lane",,Glasgow,"G14 4QR",Y
ORDR_055,2,Bevarage,it032,"7 Up",33cl,3,2023-05-12,"76 Elm Street",,Edinburgh,"EH18 8PQ",Y
ORDR_055,3,Dessert,it022,"Vanilla Ice Cream",Regular,6,2023-05-17,"76 Elm Street",,Edinburgh,"EH18 8PQ",Y
ORDR_056,5,Pizza,it001,Margherita,Regular,12,2023-06-05,"17 Pine Lane",,Bristol,"BS4 4EF",Y
ORDR_056,4,Pizza,it016,Hawaiian,Large,17,2023-05-06,"17 Pine Lane",,Bristol,"BS4 4EF",Y
ORDR_057,4,Bevarage,it031,"Diet Coke",1.5l,6,2023-06-14,"41 Oak Street",,Bristol,"BS7 6GH",Y
ORDR_057,3,Pizza,it006,Parmigiana,Large,18,2023-05-02,"41 Oak Street",,Bristol,"BS7 6GH",Y
ORDR_058,4,Dessert,it024,"Pistachio Ice Cream",Regular,6,2023-05-20,"22 Maple Lane",,Birmingham,"B9 2ST",Y
ORDR_058,5,Bevarage,it028,"Coca Cola",33cl,3,2023-05-23,"22 Maple Lane",,Birmingham,"B9 2ST",Y
ORDR_059,3,Side,it020,"Caesar Salad",Regular,7,2023-05-18,"53 Willowside Avenue",,London,"E13 8WX",Y
ORDR_059,3,Pizza,it013,Seafood,Regular,17,2023-06-16,"53 Willowside Avenue",,London,"E13 8WX",Y
ORDR_060,2,Pizza,it012,Pepperoni,Large,17,2023-06-30,"22 Pine Lane",,Bristol,"BS8 4EF",Y
ORDR_060,5,Side,it018,"Chicken Wings",Regular,7,2023-05-31,"22 Pine Lane",,Bristol,"BS8 4EF",N
ORDR_061,1,Side,it019,Breadsticks,Regular,5,2023-06-08,"6 Rosewood Crescent",,London,"SE4 6DE",Y
ORDR_061,3,Pizza,it015,Hawaiian,Regular,15,2023-05-19,"6 Rosewood Crescent",,London,"SE4 6DE",Y
ORDR_062,2,Bevarage,it035,Fanta,1.5l,6,2023-06-15,"4 Hollyfield Road",,London,"E7 2UV",Y
ORDR_062,3,Bevarage,it036,"Sparkling Water",33cl,3,2023-05-04,"4 Hollyfield Road",,London,"E7 2UV",Y
ORDR_063,1,Bevarage,it032,"7 Up",33cl,3,2023-06-10,"21 Pine Lane",,Bristol,"BS7 4EF",Y
ORDR_063,4,Side,it019,Breadsticks,Regular,5,2023-06-06,"21 Pine Lane",,Bristol,"BS7 4EF",Y
ORDR_064,3,Pizza,it004,Diavola,Large,19,2023-05-12,"32 Willow Lane",,Liverpool,"L18 3JK",Y
ORDR_064,1,Pizza,it008,"Quattro Formaggi",Large,19,2023-05-31,"32 Willow Lane",,Liverpool,"L18 3JK",Y
ORDR_065,2,Pizza,it004,Diavola,Large,19,2023-06-06,"17 Rosewood Avenue",,London,"SE10 5XY",Y
ORDR_065,1,Side,it020,"Caesar Salad",Regular,7,2023-06-06,"17 Rosewood Avenue",,London,"SE10 5XY",N
ORDR_066,5,Dessert,it027,"Fruit Salad",Regular,5,2023-06-05,"56 Birch Lane",,Belfast,"BT9 5HI",Y
ORDR_066,5,Pizza,it015,Hawaiian,Regular,15,2023-06-09,"56 Birch Lane",,Belfast,"BT9 5HI",Y
ORDR_067,3,Bevarage,it028,"Coca Cola",33cl,3,2023-05-20,"26 Birch Crescent",,Liverpool,"L29 5LM",Y
ORDR_067,2,Pizza,it007,"Quattro Formaggi",Regular,16,2023-05-04,"26 Birch Crescent",,Liverpool,"L29 5LM",Y
ORDR_068,2,Pizza,it006,Parmigiana,Large,18,2023-06-12,"28 Birch Crescent",,Liverpool,"L31 5LM",Y
ORDR_068,2,Pizza,it005,Parmigiana,Regular,15,2023-06-05,"28 Birch Crescent",,Liverpool,"L31 5LM",Y
ORDR_069,3,Bevarage,it031,"Diet Coke",1.5l,6,2023-06-14,"7 Park Avenue",,Birmingham,"B2 1FG",Y
ORDR_069,4,Side,it019,Breadsticks,Regular,5,2023-05-19,"7 Park Avenue",,Birmingham,"B2 1FG",Y
ORDR_070,5,Side,it017,"Garlic Bread",Regular,6,2023-06-29,"61 Elm Crescent",,Glasgow,"G5 5AB",Y
ORDR_070,4,Pizza,it013,Seafood,Regular,17,2023-06-29,"61 Elm Crescent",,Glasgow,"G5 5AB",Y
ORDR_071,3,Pizza,it010,Napolitana,Large,18,2023-06-11,"49 Oakwood Avenue",,Manchester,"M21 7NO",Y
ORDR_071,2,Pizza,it004,Diavola,Large,19,2023-05-05,"49 Oakwood Avenue",,Manchester,"M21 7NO",Y
ORDR_072,4,Pizza,it008,"Quattro Formaggi",Large,19,2023-05-29,"88 Oakwood Terrace",,London,"N4 3DE",Y
ORDR_072,3,Dessert,it026,"Banoffee Pie",Regular,7,2023-06-14,"88 Oakwood Terrace",,London,"N4 3DE",Y
ORDR_073,5,Pizza,it006,Parmigiana,Large,18,2023-05-29,"9 Oak Street",,Leeds,"LS10 9NO",Y
ORDR_073,5,Dessert,it021,"Chocolate Ice Cream",Regular,6,2023-05-28,"9 Oak Street",,Leeds,"LS10 9NO",Y
ORDR_074,3,Pizza,it002,Margherita,Large,14,2023-05-15,"38 Oak Street",,Bristol,"BS7 6GH",Y
ORDR_074,4,Pizza,it012,Pepperoni,Large,17,2023-06-18,"38 Oak Street",,Bristol,"BS7 6GH",Y
ORDR_075,2,Side,it018,"Chicken Wings",Regular,7,2023-06-28,"26 Birch Crescent",,Liverpool,"L29 5LM",N
ORDR_075,1,Bevarage,it032,"7 Up",33cl,3,2023-05-28,"26 Birch Crescent",,Liverpool,"L29 5LM",Y
ORDR_076,1,Dessert,it021,"Chocolate Ice Cream",Regular,6,2023-05-22,"92 Cedar Avenue",,Belfast,"BT18 9JK",Y
ORDR_076,4,Dessert,it027,"Fruit Salad",Regular,5,2023-05-22,"92 Cedar Avenue",,Belfast,"BT18 9JK",Y
ORDR_077,1,Bevarage,it036,"Sparkling Water",33cl,3,2023-06-22,"23 Maple Crescent",,Manchester,"M8 3LM",Y
ORDR_077,3,Side,it017,"Garlic Bread",Regular,6,2023-05-21,"23 Maple Crescent",,Manchester,"M8 3LM",Y
ORDR_078,1,Bevarage,it033,"7 Up",1.5l,6,2023-06-25,"4 Pinewood Drive",,Liverpool,"L24 6LM",Y
ORDR_078,4,Bevarage,it030,"Diet Coke",33cl,3,2023-06-04,"4 Pinewood Drive",,Liverpool,"L24 6LM",Y
ORDR_079,4,Bevarage,it032,"7 Up",33cl,3,2023-05-24,"44 Oak Street",,Bristol,"BS9 6GH",Y
ORDR_079,5,Side,it018,"Chicken Wings",Regular,7,2023-05-14,"44 Oak Street",,Bristol,"BS9 6GH",Y
ORDR_080,1,Bevarage,it032,"7 Up",33cl,3,2023-05-29,"88 Oakwood Terrace",,London,"N4 3DE",Y
ORDR_080,2,Pizza,it016,Hawaiian,Large,17,2023-06-10,"88 Oakwood Terrace",,London,"N4 3DE",Y
ORDR_081,1,Dessert,it027,"Fruit Salad",Regular,5,2023-06-05,"4 Hollyfield Road",,London,"E7 2UV",Y
ORDR_081,4,Pizza,it008,"Quattro Formaggi",Large,19,2023-06-23,"4 Hollyfield Road",,London,"E7 2UV",Y
ORDR_082,5,Side,it019,Breadsticks,Regular,5,2023-06-01,"74 Oakwood Street",,Bristol,"BS9 7CD",Y
ORDR_082,4,Bevarage,it031,"Diet Coke",1.5l,6,2023-05-27,"74 Oakwood Street",,Bristol,"BS9 7CD",Y
ORDR_083,5,Pizza,it013,Seafood,Regular,17,2023-05-25,"58 Birch Lane",,Belfast,"BT11 5HI",Y
ORDR_083,1,Pizza,it009,Napolitana,Regular,16,2023-06-26,"58 Birch Lane",,Belfast,"BT11 5HI",Y
ORDR_084,3,Bevarage,it033,"7 Up",1.5l,6,2023-05-22,"30 High Street",,Nottingham,"NG11 3JK",Y
ORDR_084,5,Side,it020,"Caesar Salad",Regular,7,2023-05-19,"30 High Street",,Nottingham,"NG11 3JK",Y
ORDR_085,4,Pizza,it010,Napolitana,Large,18,2023-06-25,"3 Willow Avenue",,Leeds,"LS12 6UV",Y
ORDR_085,5,Dessert,it022,"Vanilla Ice Cream",Regular,6,2023-05-23,"3 Willow Avenue",,Leeds,"LS12 6UV",Y
ORDR_086,2,Dessert,it021,"Chocolate Ice Cream",Regular,6,2023-05-30,"50 Cedarhurst Avenue",,London,"NW9 4FG",N
ORDR_086,2,Dessert,it025,"Chocolate Brownie",Regular,5,2023-05-16,"50 Cedarhurst Avenue",,London,"NW9 4FG",Y
ORDR_087,4,Dessert,it021,"Chocolate Ice Cream",Regular,6,2023-05-03,"25 Birch Crescent",,Liverpool,"L28 5LM",Y
ORDR_087,4,Dessert,it025,"Chocolate Brownie",Regular,5,2023-06-21,"25 Birch Crescent",,Liverpool,"L28 5LM",N
ORDR_088,2,Pizza,it003,Diavola,Regular,16,2023-06-01,"67 Pineview Street",,London,"SW3 8QR",Y
ORDR_088,1,Dessert,it022,"Vanilla Ice Cream",Regular,6,2023-06-07,"67 Pineview Street",,London,"SW3 8QR",Y
ORDR_089,4,Bevarage,it034,Fanta,33cl,3,2023-05-07,"5 Maple Street",,London,"W2 4HI",Y
ORDR_089,2,Dessert,it027,"Fruit Salad",Regular,5,2023-05-10,"5 Maple Street",,London,"W2 4HI",Y
ORDR_090,1,Dessert,it026,"Banoffee Pie",Regular,7,2023-05-22,"28 Birch Crescent",,Liverpool,"L31 5LM",Y
ORDR_090,4,Bevarage,it035,Fanta,1.5l,6,2023-06-24,"28 Birch Crescent",,Liverpool,"L31 5LM",N
ORDR_091,1,Bevarage,it035,Fanta,1.5l,6,2023-06-25,"64 Oakdale Street",,London,"N16 7EF",Y
ORDR_091,2,Side,it019,Breadsticks,Regular,5,2023-05-16,"64 Oakdale Street",,London,"N16 7EF",Y
ORDR_092,4,Pizza,it007,"Quattro Formaggi",Regular,16,2023-05-07,"56 Elm Street",,Liverpool,"L1 5GH",Y
ORDR_092,1,Pizza,it002,Margherita,Large,14,2023-05-20,"56 Elm Street",,Liverpool,"L1 5GH",Y
ORDR_093,3,Dessert,it023,"Strawberry Ice Cream",Regular,6,2023-05-19,"41 Birch Road",,Leeds,"LS7 4QR",Y
ORDR_093,4,Bevarage,it034,Fanta,33cl,3,2023-05-16,"41 Birch Road",,Leeds,"LS7 4QR",Y
ORDR_094,1,Pizza,it012,Pepperoni,Large,17,2023-05-11,"20 Birch Crescent",,Liverpool,"L25 5LM",Y
ORDR_094,4,Pizza,it016,Hawaiian,Large,17,2023-05-25,"20 Birch Crescent",,Liverpool,"L25 5LM",Y
ORDR_095,3,Bevarage,it030,"Diet Coke",33cl,3,2023-05-15,"49 Pineview Gardens",,London,"W6 5KL",Y
ORDR_095,4,Pizza,it001,Margherita,Regular,12,2023-06-12,"49 Pineview Gardens",,London,"W6 5KL",Y
ORDR_096,3,Bevarage,it029,"Coca Cola",1.5l,6,2023-05-05,"33 Victoria Avenue",,Newcastle,"NE13 4EF",N
ORDR_096,3,Bevarage,it028,"Coca Cola",33cl,3,2023-05-20,"33 Victoria Avenue",,Newcastle,"NE13 4EF",Y
ORDR_097,4,Dessert,it025,"Chocolate Brownie",Regular,5,2023-05-13,"41 High Road",,Birmingham,"B10 3HI",Y
ORDR_097,5,Dessert,it023,"Strawberry Ice Cream",Regular,6,2023-05-25,"41 High Road",,Birmingham,"B10 3HI",Y
ORDR_098,3,Dessert,it026,"Banoffee Pie",Regular,7,2023-05-02,"8 Willow Road",,Edinburgh,"EH8 2NO",Y
ORDR_098,5,Pizza,it004,Diavola,Large,19,2023-06-25,"8 Willow Road",,Edinburgh,"EH8 2NO",Y
ORDR_099,5,Pizza,it015,Hawaiian,Regular,15,2023-06-19,"47 Queen Road",,Newcastle,"NE9 6CD",Y
ORDR_099,5,Pizza,it013,Seafood,Regular,17,2023-05-15,"47 Queen Road",,Newcastle,"NE9 6CD",Y
ORDR_100,1,Pizza,it007,"Quattro Formaggi",Regular,16,2023-06-10,"44 Maple Avenue",,Liverpool,"L2 1JK",Y
ORDR_100,5,Pizza,it003,Diavola,Regular,16,2023-05-29,"44 Maple Avenue",,Liverpool,"L2 1JK",Y
ORDR_101,3,Side,it019,Breadsticks,Regular,5,2023-05-06,"64 Elm Crescent",,Glasgow,"G8 5AB",Y
ORDR_101,2,Pizza,it013,Seafood,Regular,17,2023-05-12,"64 Elm Crescent",,Glasgow,"G8 5AB",Y
ORDR_102,3,Bevarage,it033,"7 Up",1.5l,6,2023-06-03,"6 Rosewood Crescent",,London,"SE4 6DE",Y
ORDR_102,3,Bevarage,it031,"Diet Coke",1.5l,6,2023-05-17,"6 Rosewood Crescent",,London,"SE4 6DE",Y
ORDR_103,4,Pizza,it008,"Quattro Formaggi",Large,19,2023-06-21,"14 Kingâ€™s Road",,Manchester,"M4 6AB",N
ORDR_103,4,Pizza,it015,Hawaiian,Regular,15,2023-05-10,"14 Kingâ€™s Road",,Manchester,"M4 6AB",N
ORDR_104,1,Dessert,it026,"Banoffee Pie",Regular,7,2023-05-06,"6 Rosewood Crescent",,London,"SE4 6DE",Y
ORDR_104,3,Bevarage,it030,"Diet Coke",33cl,3,2023-05-08,"6 Rosewood Crescent",,London,"SE4 6DE",Y
ORDR_105,3,Dessert,it025,"Chocolate Brownie",Regular,5,2023-06-07,"9 Oak Street",,Leeds,"LS10 9NO",Y
ORDR_105,1,Bevarage,it031,"Diet Coke",1.5l,6,2023-05-15,"9 Oak Street",,Leeds,"LS10 9NO",Y
ORDR_106,1,Pizza,it015,Hawaiian,Regular,15,2023-06-28,"3 Park Lane",,Birmingham,"B1 2FG",Y
ORDR_106,4,Side,it020,"Caesar Salad",Regular,7,2023-05-30,"3 Park Lane",,Birmingham,"B1 2FG",Y
ORDR_107,3,Pizza,it003,Diavola,Regular,16,2023-06-30,"9 Cedar Avenue",,Sheffield,"S6 9ST",N
ORDR_107,2,Pizza,it007,"Quattro Formaggi",Regular,16,2023-05-08,"9 Cedar Avenue",,Sheffield,"S6 9ST",Y
ORDR_108,3,Bevarage,it030,"Diet Coke",33cl,3,2023-05-25,"14 Church Road",,Nottingham,"NG15 6LM",Y
ORDR_108,4,Bevarage,it035,Fanta,1.5l,6,2023-06-17,"14 Church Road",,Nottingham,"NG15 6LM",Y
ORDR_109,1,Dessert,it027,"Fruit Salad",Regular,5,2023-06-26,"78 Victoria Avenue",,Manchester,"M16 7DE",Y
ORDR_109,3,Dessert,it027,"Fruit Salad",Regular,5,2023-06-09,"78 Victoria Avenue",,Manchester,"M16 7DE",Y
ORDR_110,4,Bevarage,it029,"Coca Cola",1.5l,6,2023-05-14,"77 Elm Street",,Edinburgh,"EH19 8PQ",N
ORDR_110,1,Dessert,it024,"Pistachio Ice Cream",Regular,6,2023-06-24,"77 Elm Street",,Edinburgh,"EH19 8PQ",N
ORDR_111,1,Dessert,it023,"Strawberry Ice Cream",Regular,6,2023-06-04,"11 Church Road",,Nottingham,"NG12 6LM",Y
ORDR_111,4,Pizza,it008,"Quattro Formaggi",Large,19,2023-05-13,"11 Church Road",,Nottingham,"NG12 6LM",Y
ORDR_112,1,Pizza,it002,Margherita,Large,14,2023-06-11,"44 Oakwood Court",,London,"N15 3DE",Y
ORDR_112,5,Pizza,it009,Napolitana,Regular,16,2023-05-16,"44 Oakwood Court",,London,"N15 3DE",Y
ORDR_113,2,Pizza,it014,Seafood,Large,20,2023-06-07,"8 Pine Street",,Belfast,"BT3 3FG",Y
ORDR_113,3,Pizza,it001,Margherita,Regular,12,2023-05-10,"8 Pine Street",,Belfast,"BT3 3FG",Y
ORDR_114,3,Bevarage,it035,Fanta,1.5l,6,2023-05-09,"58 Birch Lane",,Belfast,"BT11 5HI",Y
ORDR_114,2,Pizza,it002,Margherita,Large,14,2023-05-08,"58 Birch Lane",,Belfast,"BT11 5HI",Y
ORDR_115,1,Dessert,it021,"Chocolate Ice Cream",Regular,6,2023-06-07,"35 Victoria Avenue",,Newcastle,"NE15 4EF",Y
ORDR_115,4,Pizza,it009,Napolitana,Regular,16,2023-05-04,"35 Victoria Avenue",,Newcastle,"NE15 4EF",Y
ORDR_116,3,Bevarage,it029,"Coca Cola",1.5l,6,2023-05-31,"33 Birch Road",,Leeds,"LS3 4QR",Y
ORDR_116,5,Bevarage,it029,"Coca Cola",1.5l,6,2023-05-07,"33 Birch Road",,Leeds,"LS3 4QR",Y
ORDR_117,3,Bevarage,it034,Fanta,33cl,3,2023-06-16,"5 Willow Road",,Edinburgh,"EH5 2NO",Y
ORDR_117,4,Pizza,it004,Diavola,Large,19,2023-05-02,"5 Willow Road",,Edinburgh,"EH5 2NO",Y
ORDR_118,4,Pizza,it007,"Quattro Formaggi",Regular,16,2023-06-13,"23 Pine Lane",,Bristol,"BS9 4EF",Y
ORDR_118,1,Pizza,it005,Parmigiana,Regular,15,2023-05-29,"23 Pine Lane",,Bristol,"BS9 4EF",Y
ORDR_119,3,Pizza,it009,Napolitana,Regular,16,2023-05-05,"46 Elmwood Road",,Leeds,"LS16 3PQ",Y
ORDR_119,3,Bevarage,it036,"Sparkling Water",33cl,3,2023-06-07,"46 Elmwood Road",,Leeds,"LS16 3PQ",Y
ORDR_120,5,Bevarage,it030,"Diet Coke",33cl,3,2023-05-19,"77 Oakwood Street",,Manchester,"M21 8NO",Y
ORDR_120,5,Pizza,it008,"Quattro Formaggi",Large,19,2023-05-07,"77 Oakwood Street",,Manchester,"M21 8NO",Y
ORDR_121,2,Bevarage,it029,"Coca Cola",1.5l,6,2023-05-28,"17 Oak Lane",,Cardiff,"CF25 4XY",Y
ORDR_121,4,Bevarage,it030,"Diet Coke",33cl,3,2023-06-22,"17 Oak Lane",,Cardiff,"CF25 4XY",Y
ORDR_122,3,Bevarage,it028,"Coca Cola",33cl,3,2023-05-21,"2 Willow Avenue",,Leeds,"LS9 6UV",Y
ORDR_122,4,Pizza,it010,Napolitana,Large,18,2023-05-24,"2 Willow Avenue",,Leeds,"LS9 6UV",Y
ORDR_123,1,Bevarage,it028,"Coca Cola",33cl,3,2023-05-06,"11 Pine Street",,Birmingham,"B5 3PQ",Y
ORDR_123,5,Pizza,it009,Napolitana,Regular,16,2023-05-24,"11 Pine Street",,Birmingham,"B5 3PQ",Y
ORDR_124,4,Pizza,it008,"Quattro Formaggi",Large,19,2023-06-12,"16 Cedar Road",,Glasgow,"G20 7CD",Y
ORDR_124,1,Bevarage,it028,"Coca Cola",33cl,3,2023-06-12,"16 Cedar Road",,Glasgow,"G20 7CD",N
ORDR_125,5,Pizza,it007,"Quattro Formaggi",Regular,16,2023-05-23,"22 Maple Crescent",,Manchester,"M7 3LM",Y
ORDR_125,2,Bevarage,it031,"Diet Coke",1.5l,6,2023-05-10,"22 Maple Crescent",,Manchester,"M7 3LM",Y
ORDR_126,3,Bevarage,it036,"Sparkling Water",33cl,3,2023-06-24,"29 Elmwood Crescent",,London,"SW7 2FG",Y
ORDR_126,4,Pizza,it015,Hawaiian,Regular,15,2023-05-18,"29 Elmwood Crescent",,London,"SW7 2FG",Y
ORDR_127,1,Side,it018,"Chicken Wings",Regular,7,2023-06-08,"19 King Street",,Newcastle,"NE2 3AB",Y
ORDR_127,3,Side,it020,"Caesar Salad",Regular,7,2023-06-14,"19 King Street",,Newcastle,"NE2 3AB",Y
ORDR_128,5,Pizza,it010,Napolitana,Large,18,2023-06-25,"20 Birch Crescent",,Liverpool,"L25 5LM",Y
ORDR_128,1,Pizza,it010,Napolitana,Large,18,2023-05-05,"20 Birch Crescent",,Liverpool,"L25 5LM",Y
ORDR_129,4,Dessert,it025,"Chocolate Brownie",Regular,5,2023-05-14,"77 Oakwood Street",,Manchester,"M21 8NO",Y
ORDR_129,3,Dessert,it024,"Pistachio Ice Cream",Regular,6,2023-05-11,"77 Oakwood Street",,Manchester,"M21 8NO",Y
ORDR_130,2,Pizza,it004,Diavola,Large,19,2023-06-26,"11 Pine Street",,Birmingham,"B5 3PQ",Y
ORDR_130,1,Pizza,it004,Diavola,Large,19,2023-06-09,"11 Pine Street",,Birmingham,"B5 3PQ",Y
ORDR_131,4,Bevarage,it029,"Coca Cola",1.5l,6,2023-06-01,"5 Willow Avenue",,Leeds,"LS14 6UV",Y
ORDR_131,1,Bevarage,it033,"7 Up",1.5l,6,2023-06-18,"5 Willow Avenue",,Leeds,"LS14 6UV",Y
ORDR_132,5,Bevarage,it032,"7 Up",33cl,3,2023-05-19,"20 Maple Crescent",,Bristol,"BS3 3AB",Y
ORDR_132,4,Pizza,it015,Hawaiian,Regular,15,2023-05-03,"20 Maple Crescent",,Bristol,"BS3 3AB",N
ORDR_133,3,Pizza,it014,Seafood,Large,20,2023-05-01,"41 Birch Road",,Leeds,"LS7 4QR",Y
ORDR_133,3,Pizza,it009,Napolitana,Regular,16,2023-06-19,"41 Birch Road",,Leeds,"LS7 4QR",Y
ORDR_134,4,Bevarage,it032,"7 Up",33cl,3,2023-05-01,"66 High Street",,Birmingham,"B12 4HI",Y
ORDR_134,2,Bevarage,it035,Fanta,1.5l,6,2023-05-25,"66 High Street",,Birmingham,"B12 4HI",Y
ORDR_135,1,Dessert,it026,"Banoffee Pie",Regular,7,2023-05-05,"15 Cedar Road",,Glasgow,"G19 7CD",Y
ORDR_135,3,Pizza,it005,Parmigiana,Regular,15,2023-05-30,"15 Cedar Road",,Glasgow,"G19 7CD",Y
ORDR_136,3,Dessert,it027,"Fruit Salad",Regular,5,2023-06-15,"33 Rosewood Avenue",,Leeds,"LS2 4LM",Y
ORDR_136,2,Dessert,it021,"Chocolate Ice Cream",Regular,6,2023-05-02,"33 Rosewood Avenue",,Leeds,"LS2 4LM",Y
ORDR_137,1,Dessert,it024,"Pistachio Ice Cream",Regular,6,2023-06-23,"15 Pine Lane",,Bristol,"BS2 4EF",Y
ORDR_137,4,Pizza,it016,Hawaiian,Large,17,2023-05-07,"15 Pine Lane",,Bristol,"BS2 4EF",Y
ORDR_138,3,Dessert,it026,"Banoffee Pie",Regular,7,2023-05-06,"6 Rosewood Crescent",,London,"SE4 6DE",Y
ORDR_138,2,Dessert,it022,"Vanilla Ice Cream",Regular,6,2023-05-15,"6 Rosewood Crescent",,London,"SE4 6DE",Y
ORDR_139,2,Bevarage,it033,"7 Up",1.5l,6,2023-06-03,"32 Maple Lane",,Birmingham,"B19 2ST",Y
ORDR_139,2,Dessert,it023,"Strawberry Ice Cream",Regular,6,2023-05-23,"32 Maple Lane",,Birmingham,"B19 2ST",Y
ORDR_140,2,Pizza,it013,Seafood,Regular,17,2023-05-17,"58 Birch Lane",,Belfast,"BT11 5HI",Y
ORDR_140,2,Pizza,it005,Parmigiana,Regular,15,2023-06-18,"58 Birch Lane",,Belfast,"BT11 5HI",N
ORDR_141,5,Bevarage,it029,"Coca Cola",1.5l,6,2023-05-30,"9 Oak Street",,Leeds,"LS10 9NO",Y
ORDR_141,3,Dessert,it021,"Chocolate Ice Cream",Regular,6,2023-06-09,"9 Oak Street",,Leeds,"LS10 9NO",Y
ORDR_142,3,Bevarage,it029,"Coca Cola",1.5l,6,2023-05-31,"7 Park Lane",,Nottingham,"NG3 2GH",Y
ORDR_142,3,Pizza,it004,Diavola,Large,19,2023-06-07,"7 Park Lane",,Nottingham,"NG3 2GH",Y
ORDR_143,1,Bevarage,it029,"Coca Cola",1.5l,6,2023-05-30,"60 Elm Street",,Liverpool,"L3 5GH",Y
ORDR_143,1,Side,it019,Breadsticks,Regular,5,2023-06-23,"60 Elm Street",,Liverpool,"L3 5GH",Y
ORDR_144,4,Bevarage,it033,"7 Up",1.5l,6,2023-06-09,"38 Oak Street",,Bristol,"BS7 6GH",Y
ORDR_144,4,Pizza,it003,Diavola,Regular,16,2023-06-05,"38 Oak Street",,Bristol,"BS7 6GH",Y
ORDR_145,5,Bevarage,it031,"Diet Coke",1.5l,6,2023-05-21,"45 Oak Street",,Bristol,"BS10 6GH",Y
ORDR_145,1,Bevarage,it029,"Coca Cola",1.5l,6,2023-05-04,"45 Oak Street",,Bristol,"BS10 6GH",Y
ORDR_146,5,Pizza,it006,Parmigiana,Large,18,2023-06-15,"76 Oakwood Street",,Manchester,"M20 8NO",Y
ORDR_146,4,Pizza,it016,Hawaiian,Large,17,2023-05-03,"76 Oakwood Street",,Manchester,"M20 8NO",N
ORDR_147,3,Pizza,it011,Pepperoni,Regular,15,2023-06-03,"6 Rosewood Crescent",,London,"SE4 6DE",Y
ORDR_147,4,Dessert,it025,"Chocolate Brownie",Regular,5,2023-05-19,"6 Rosewood Crescent",,London,"SE4 6DE",Y
ORDR_148,1,Dessert,it022,"Vanilla Ice Cream",Regular,6,2023-06-20,"89 Maple Crescent",,Edinburgh,"EH12 4XY",Y
ORDR_148,3,Dessert,it025,"Chocolate Brownie",Regular,5,2023-06-05,"89 Maple Crescent",,Edinburgh,"EH12 4XY",Y
ORDR_149,5,Pizza,it006,Parmigiana,Large,18,2023-05-22,"59 Elm Crescent",,Glasgow,"G4 5AB",Y
ORDR_149,3,Dessert,it023,"Strawberry Ice Cream",Regular,6,2023-06-28,"59 Elm Crescent",,Glasgow,"G4 5AB",N
ORDR_150,3,Pizza,it006,Parmigiana,Large,18,2023-05-09,"46 Elmwood Road",,Cardiff,"CF18 7DE",Y
ORDR_150,2,Dessert,it022,"Vanilla Ice Cream",Regular,6,2023-06-11,"46 Elmwood Road",,Cardiff,"CF18 7DE",Y
ORDR_151,5,Bevarage,it028,"Coca Cola",33cl,3,2023-05-06,"10 Rosebank Terrace",,London,"SE8 4WX",Y
ORDR_151,2,Side,it020,"Caesar Salad",Regular,7,2023-05-24,"10 Rosebank Terrace",,London,"SE8 4WX",N
ORDR_152,2,Bevarage,it032,"7 Up",33cl,3,2023-06-30,"32 Willow Lane",,Liverpool,"L18 3JK",Y
ORDR_152,1,Pizza,it010,Napolitana,Large,18,2023-05-09,"32 Willow Lane",,Liverpool,"L18 3JK",Y
ORDR_153,5,Bevarage,it035,Fanta,1.5l,6,2023-06-02,"38 Rosewood Avenue",,Cardiff,"CF10 1AB",Y
ORDR_153,5,Pizza,it009,Napolitana,Regular,16,2023-05-22,"38 Rosewood Avenue",,Cardiff,"CF10 1AB",Y
ORDR_154,4,Pizza,it011,Pepperoni,Regular,15,2023-05-12,"17 Pine Lane",,Birmingham,"B10 4PQ",Y
ORDR_154,4,Pizza,it016,Hawaiian,Large,17,2023-05-24,"17 Pine Lane",,Birmingham,"B10 4PQ",Y
ORDR_155,2,Bevarage,it035,Fanta,1.5l,6,2023-05-15,"15 Pine Lane",,Birmingham,"B8 4PQ",Y
ORDR_155,2,Bevarage,it031,"Diet Coke",1.5l,6,2023-06-21,"15 Pine Lane",,Birmingham,"B8 4PQ",Y
ORDR_156,4,Side,it019,Breadsticks,Regular,5,2023-05-30,"5 Maple Street",,London,"W2 4HI",Y
ORDR_156,2,Pizza,it011,Pepperoni,Regular,15,2023-05-27,"5 Maple Street",,London,"W2 4HI",Y
ORDR_157,1,Side,it017,"Garlic Bread",Regular,6,2023-06-25,"44 Maple Avenue",,Liverpool,"L2 1JK",Y
ORDR_157,5,Dessert,it024,"Pistachio Ice Cream",Regular,6,2023-06-25,"44 Maple Avenue",,Liverpool,"L2 1JK",Y
ORDR_158,3,Pizza,it008,"Quattro Formaggi",Large,19,2023-06-24,"9 Cedar Avenue",,Sheffield,"S6 9ST",Y
ORDR_158,4,Side,it018,"Chicken Wings",Regular,7,2023-05-11,"9 Cedar Avenue",,Sheffield,"S6 9ST",Y
ORDR_159,1,Bevarage,it028,"Coca Cola",33cl,3,2023-06-23,"46 Elmwood Road",,Leeds,"LS16 3PQ",Y
ORDR_159,3,Bevarage,it029,"Coca Cola",1.5l,6,2023-05-15,"46 Elmwood Road",,Leeds,"LS16 3PQ",Y
ORDR_160,5,Dessert,it026,"Banoffee Pie",Regular,7,2023-05-04,"30 High Street",,Nottingham,"NG11 3JK",Y
ORDR_160,3,Pizza,it006,Parmigiana,Large,18,2023-05-25,"30 High Street",,Nottingham,"NG11 3JK",Y
ORDR_161,3,Pizza,it007,"Quattro Formaggi",Regular,16,2023-06-29,"88 Cedar Avenue",,Glasgow,"G22 8UV",Y
ORDR_161,3,Pizza,it003,Diavola,Regular,16,2023-05-09,"88 Cedar Avenue",,Glasgow,"G22 8UV",Y
ORDR_162,4,Pizza,it009,Napolitana,Regular,16,2023-06-14,"21 Oakwood Road",,Edinburgh,"EH2 1AB",Y
ORDR_162,1,Pizza,it006,Parmigiana,Large,18,2023-05-01,"21 Oakwood Road",,Edinburgh,"EH2 1AB",Y
ORDR_163,4,Bevarage,it034,Fanta,33cl,3,2023-06-05,"59 Elm Crescent",,Glasgow,"G4 5AB",Y
ORDR_163,3,Pizza,it016,Hawaiian,Large,17,2023-05-19,"59 Elm Crescent",,Glasgow,"G4 5AB",Y
ORDR_164,1,Bevarage,it030,"Diet Coke",33cl,3,2023-05-27,"91 Cedar Avenue",,Belfast,"BT17 9JK",Y
ORDR_164,5,Bevarage,it032,"7 Up",33cl,3,2023-06-27,"91 Cedar Avenue",,Belfast,"BT17 9JK",Y
ORDR_165,2,Pizza,it016,Hawaiian,Large,17,2023-06-06,"19 Maplehurst Way",,London,"SW2 9CD",Y
ORDR_165,2,Dessert,it023,"Strawberry Ice Cream",Regular,6,2023-05-01,"19 Maplehurst Way",,London,"SW2 9CD",Y
ORDR_166,5,Pizza,it006,Parmigiana,Large,18,2023-06-12,"57 Elm Crescent",,Glasgow,"G3 5AB",N
ORDR_166,5,Bevarage,it034,Fanta,33cl,3,2023-05-05,"57 Elm Crescent",,Glasgow,"G3 5AB",Y
ORDR_167,4,Pizza,it002,Margherita,Large,14,2023-06-05,"53 Oakwood Avenue",,Manchester,"M22 7NO",Y
ORDR_167,3,Dessert,it025,"Chocolate Brownie",Regular,5,2023-05-03,"53 Oakwood Avenue",,Manchester,"M22 7NO",Y
ORDR_168,3,Pizza,it005,Parmigiana,Regular,15,2023-05-23,"27 Birch Crescent",,Liverpool,"L30 5LM",Y
ORDR_168,5,Pizza,it007,"Quattro Formaggi",Regular,16,2023-06-12,"27 Birch Crescent",,Liverpool,"L30 5LM",Y
ORDR_169,3,Pizza,it003,Diavola,Regular,16,2023-05-09,"29 Birch Crescent",,Liverpool,"L32 5LM",Y
ORDR_169,4,Pizza,it012,Pepperoni,Large,17,2023-06-22,"29 Birch Crescent",,Liverpool,"L32 5LM",N
ORDR_170,2,Pizza,it012,Pepperoni,Large,17,2023-06-10,"75 Elm Street",,Edinburgh,"EH17 8PQ",Y
ORDR_170,1,Bevarage,it030,"Diet Coke",33cl,3,2023-06-19,"75 Elm Street",,Edinburgh,"EH17 8PQ",Y
ORDR_171,1,Pizza,it013,Seafood,Regular,17,2023-06-20,"5 Willow Road",,Edinburgh,"EH5 2NO",Y
ORDR_171,4,Bevarage,it033,"7 Up",1.5l,6,2023-05-20,"5 Willow Road",,Edinburgh,"EH5 2NO",N
ORDR_172,1,Side,it017,"Garlic Bread",Regular,6,2023-05-31,"9 Oak Street",,Leeds,"LS10 9NO",Y
ORDR_172,3,Side,it019,Breadsticks,Regular,5,2023-05-13,"9 Oak Street",,Leeds,"LS10 9NO",Y
ORDR_173,3,Dessert,it022,"Vanilla Ice Cream",Regular,6,2023-06-25,"21 Pinehurst Lane",,London,"SW16 8NO",Y
ORDR_173,4,Bevarage,it028,"Coca Cola",33cl,3,2023-05-24,"21 Pinehurst Lane",,London,"SW16 8NO",Y
ORDR_174,4,Pizza,it012,Pepperoni,Large,17,2023-05-22,"2 Hollyfield Lane",,London,"SE14 7MN",Y
ORDR_174,3,Bevarage,it034,Fanta,33cl,3,2023-05-24,"2 Hollyfield Lane",,London,"SE14 7MN",Y
ORDR_175,5,Bevarage,it028,"Coca Cola",33cl,3,2023-05-06,"5 Willow Avenue",,Leeds,"LS14 6UV",N
ORDR_175,3,Bevarage,it035,Fanta,1.5l,6,2023-05-12,"5 Willow Avenue",,Leeds,"LS14 6UV",Y
ORDR_176,3,Side,it019,Breadsticks,Regular,5,2023-05-21,"5 Pine Crescent",,Glasgow,"G1 2ST",Y
ORDR_176,2,Bevarage,it028,"Coca Cola",33cl,3,2023-06-15,"5 Pine Crescent",,Glasgow,"G1 2ST",Y
ORDR_177,3,Pizza,it003,Diavola,Regular,16,2023-05-29,"29 Elmwood Crescent",,London,"SW7 2FG",Y
ORDR_177,1,Side,it018,"Chicken Wings",Regular,7,2023-05-28,"29 Elmwood Crescent",,London,"SW7 2FG",Y
ORDR_178,2,Bevarage,it033,"7 Up",1.5l,6,2023-05-24,"33 Rosewood Avenue",,Leeds,"LS2 4LM",N
ORDR_178,1,Bevarage,it029,"Coca Cola",1.5l,6,2023-05-10,"33 Rosewood Avenue",,Leeds,"LS2 4LM",Y
ORDR_179,3,Dessert,it024,"Pistachio Ice Cream",Regular,6,2023-06-19,"24 Maple Crescent",,Manchester,"M9 3LM",Y
ORDR_179,5,Pizza,it003,Diavola,Regular,16,2023-06-06,"24 Maple Crescent",,Manchester,"M9 3LM",Y
ORDR_180,3,Dessert,it024,"Pistachio Ice Cream",Regular,6,2023-06-30,"7 Park Avenue",,Birmingham,"B2 1FG",Y
ORDR_180,5,Pizza,it009,Napolitana,Regular,16,2023-05-05,"7 Park Avenue",,Birmingham,"B2 1FG",Y
ORDR_181,2,Side,it018,"Chicken Wings",Regular,7,2023-06-11,"11 Rose Lane",,Bristol,"BS9 2EF",N
ORDR_181,4,Pizza,it012,Pepperoni,Large,17,2023-05-02,"11 Rose Lane",,Bristol,"BS9 2EF",Y
ORDR_182,4,Side,it017,"Garlic Bread",Regular,6,2023-05-17,"56 Birch Lane",,Belfast,"BT9 5HI",Y
ORDR_182,4,Side,it019,Breadsticks,Regular,5,2023-06-09,"56 Birch Lane",,Belfast,"BT9 5HI",Y
ORDR_183,4,Pizza,it005,Parmigiana,Regular,15,2023-06-24,"14 Church Road",,Nottingham,"NG15 6LM",Y
ORDR_183,1,Bevarage,it029,"Coca Cola",1.5l,6,2023-06-15,"14 Church Road",,Nottingham,"NG15 6LM",Y
ORDR_184,1,Dessert,it023,"Strawberry Ice Cream",Regular,6,2023-06-12,"88 Cedar Avenue",,Glasgow,"G22 8UV",Y
ORDR_184,2,Side,it020,"Caesar Salad",Regular,7,2023-05-19,"88 Cedar Avenue",,Glasgow,"G22 8UV",Y
ORDR_185,5,Dessert,it024,"Pistachio Ice Cream",Regular,6,2023-06-20,"37 Birch Road",,Leeds,"LS4 4QR",Y
ORDR_185,2,Pizza,it009,Napolitana,Regular,16,2023-05-13,"37 Birch Road",,Leeds,"LS4 4QR",Y
ORDR_186,5,Bevarage,it036,"Sparkling Water",33cl,3,2023-05-24,"19 King Street",,Newcastle,"NE2 3AB",Y
ORDR_186,2,Bevarage,it036,"Sparkling Water",33cl,3,2023-06-21,"19 King Street",,Newcastle,"NE2 3AB",Y
ORDR_187,4,Side,it020,"Caesar Salad",Regular,7,2023-05-05,"51 Birch Lane",,Glasgow,"G14 4QR",N
ORDR_187,5,Bevarage,it031,"Diet Coke",1.5l,6,2023-06-16,"51 Birch Lane",,Glasgow,"G14 4QR",Y
ORDR_188,2,Pizza,it005,Parmigiana,Regular,15,2023-06-22,"92 Cedar Avenue",,Belfast,"BT18 9JK",N
ORDR_188,4,Pizza,it005,Parmigiana,Regular,15,2023-06-11,"92 Cedar Avenue",,Belfast,"BT18 9JK",Y
ORDR_189,5,Pizza,it009,Napolitana,Regular,16,2023-05-23,"9 Cedar Avenue",,Sheffield,"S6 9ST",Y
ORDR_189,4,Pizza,it009,Napolitana,Regular,16,2023-05-12,"9 Cedar Avenue",,Sheffield,"S6 9ST",Y
ORDR_190,5,Pizza,it008,"Quattro Formaggi",Large,19,2023-06-23,"41 Birch Road",,Leeds,"LS7 4QR",Y
ORDR_190,3,Pizza,it011,Pepperoni,Regular,15,2023-05-11,"41 Birch Road",,Leeds,"LS7 4QR",Y
ORDR_191,3,Bevarage,it034,Fanta,33cl,3,2023-05-23,"49 Oakwood Avenue",,Manchester,"M21 7NO",Y
ORDR_191,5,Pizza,it013,Seafood,Regular,17,2023-05-17,"49 Oakwood Avenue",,Manchester,"M21 7NO",Y
ORDR_192,1,Bevarage,it035,Fanta,1.5l,6,2023-06-09,"16 Pine Lane",,Birmingham,"B9 4PQ",Y
ORDR_192,2,Pizza,it010,Napolitana,Large,18,2023-05-11,"16 Pine Lane",,Birmingham,"B9 4PQ",Y
ORDR_193,1,Pizza,it003,Diavola,Regular,16,2023-06-23,"93 Cedar Avenue",,Belfast,"BT19 9JK",Y
ORDR_193,2,Side,it017,"Garlic Bread",Regular,6,2023-06-30,"93 Cedar Avenue",,Belfast,"BT19 9JK",Y
ORDR_194,4,Pizza,it002,Margherita,Large,14,2023-06-09,"72 Elm Street",,Edinburgh,"EH14 8PQ",Y
ORDR_194,3,Side,it019,Breadsticks,Regular,5,2023-06-04,"72 Elm Street",,Edinburgh,"EH14 8PQ",Y
ORDR_195,1,Bevarage,it030,"Diet Coke",33cl,3,2023-05-20,"33 Rosewood Avenue",,Leeds,"LS2 4LM",Y
ORDR_195,4,Bevarage,it029,"Coca Cola",1.5l,6,2023-05-11,"33 Rosewood Avenue",,Leeds,"LS2 4LM",Y
ORDR_196,3,Pizza,it010,Napolitana,Large,18,2023-05-22,"19 Maplehurst Way",,London,"SW2 9CD",Y
ORDR_196,4,Dessert,it023,"Strawberry Ice Cream",Regular,6,2023-05-21,"19 Maplehurst Way",,London,"SW2 9CD",Y
ORDR_197,1,Bevarage,it036,"Sparkling Water",33cl,3,2023-06-02,"77 Elm Street",,Edinburgh,"EH19 8PQ",Y
ORDR_197,3,Pizza,it008,"Quattro Formaggi",Large,19,2023-05-30,"77 Elm Street",,Edinburgh,"EH19 8PQ",Y
ORDR_198,3,Pizza,it004,Diavola,Large,19,2023-05-07,"71 Oakridge Lane",,London,"N19 5UV",Y
ORDR_198,2,Dessert,it027,"Fruit Salad",Regular,5,2023-06-25,"71 Oakridge Lane",,London,"N19 5UV",N
ORDR_199,5,Dessert,it021,"Chocolate Ice Cream",Regular,6,2023-06-22,"10 Cedar Road",,Glasgow,"G15 7CD",Y
ORDR_199,4,Pizza,it011,Pepperoni,Regular,15,2023-05-13,"10 Cedar Road",,Glasgow,"G15 7CD",N
ORDR_200,4,Side,it020,"Caesar Salad",Regular,7,2023-06-01,"3 Willow Road",,Edinburgh,"EH3 2NO",Y
ORDR_200,5,Dessert,it026,"Banoffee Pie",Regular,7,2023-06-30,"3 Willow Road",,Edinburgh,"EH3 2NO",Y
ORDR_201,1,Dessert,it023,"Strawberry Ice Cream",Regular,6,2023-05-14,"41 Oak Street",,Bristol,"BS7 6GH",Y
ORDR_201,3,Bevarage,it031,"Diet Coke",1.5l,6,2023-06-01,"41 Oak Street",,Bristol,"BS7 6GH",Y
ORDR_202,3,Pizza,it009,Napolitana,Regular,16,2023-05-28,"48 Queen Road",,Newcastle,"NE10 6CD",Y
ORDR_202,3,Dessert,it026,"Banoffee Pie",Regular,7,2023-06-18,"48 Queen Road",,Newcastle,"NE10 6CD",Y
ORDR_203,2,Bevarage,it036,"Sparkling Water",33cl,3,2023-06-06,"89 Maple Crescent",,Edinburgh,"EH12 4XY",Y
ORDR_203,4,Pizza,it005,Parmigiana,Regular,15,2023-05-19,"89 Maple Crescent",,Edinburgh,"EH12 4XY",Y
ORDR_204,2,Pizza,it008,"Quattro Formaggi",Large,19,2023-06-22,"12 Church Road",,Nottingham,"NG13 6LM",N
ORDR_204,3,Dessert,it024,"Pistachio Ice Cream",Regular,6,2023-05-26,"12 Church Road",,Nottingham,"NG13 6LM",Y
ORDR_205,2,Pizza,it010,Napolitana,Large,18,2023-06-18,"6 Rosewood Crescent",,London,"SE4 6DE",Y
ORDR_205,1,Bevarage,it033,"7 Up",1.5l,6,2023-05-26,"6 Rosewood Crescent",,London,"SE4 6DE",Y
ORDR_206,4,Dessert,it022,"Vanilla Ice Cream",Regular,6,2023-06-15,"44 Maple Avenue",,Liverpool,"L2 1JK",Y
ORDR_206,2,Bevarage,it033,"7 Up",1.5l,6,2023-05-10,"44 Maple Avenue",,Liverpool,"L2 1JK",Y
ORDR_207,5,Dessert,it026,"Banoffee Pie",Regular,7,2023-05-11,"88 Cedar Avenue",,Glasgow,"G22 8UV",Y
ORDR_207,5,Dessert,it022,"Vanilla Ice Cream",Regular,6,2023-05-20,"88 Cedar Avenue",,Glasgow,"G22 8UV",Y
ORDR_208,4,Side,it020,"Caesar Salad",Regular,7,2023-06-01,"33 Rosewood Avenue",,Leeds,"LS2 4LM",Y
ORDR_208,1,Dessert,it022,"Vanilla Ice Cream",Regular,6,2023-05-24,"33 Rosewood Avenue",,Leeds,"LS2 4LM",N
ORDR_209,5,Pizza,it002,Margherita,Large,14,2023-06-20,"45 Queen Road",,Manchester,"M14 5XY",Y
ORDR_209,1,Pizza,it015,Hawaiian,Regular,15,2023-06-11,"45 Queen Road",,Manchester,"M14 5XY",Y
ORDR_210,2,Dessert,it025,"Chocolate Brownie",Regular,5,2023-06-03,"49 Maple Avenue",,Liverpool,"L5 1JK",Y
ORDR_210,5,Pizza,it003,Diavola,Regular,16,2023-05-16,"49 Maple Avenue",,Liverpool,"L5 1JK",Y
ORDR_211,4,Pizza,it002,Margherita,Large,14,2023-05-13,"20 Maple Crescent",,Bristol,"BS3 3AB",Y
ORDR_211,2,Dessert,it027,"Fruit Salad",Regular,5,2023-05-10,"20 Maple Crescent",,Bristol,"BS3 3AB",Y
ORDR_212,2,Pizza,it004,Diavola,Large,19,2023-06-25,"21 Oakwood Road",,Edinburgh,"EH2 1AB",Y
ORDR_212,4,Dessert,it021,"Chocolate Ice Cream",Regular,6,2023-06-05,"21 Oakwood Road",,Edinburgh,"EH2 1AB",Y
ORDR_213,5,Bevarage,it030,"Diet Coke",33cl,3,2023-05-12,"11 Rose Lane",,Bristol,"BS9 2EF",Y
ORDR_213,5,Side,it017,"Garlic Bread",Regular,6,2023-05-23,"11 Rose Lane",,Bristol,"BS9 2EF",Y
ORDR_214,3,Bevarage,it036,"Sparkling Water",33cl,3,2023-05-18,"39 Birch Road",,Leeds,"LS5 4QR",Y
ORDR_214,2,Side,it019,Breadsticks,Regular,5,2023-05-20,"39 Birch Road",,Leeds,"LS5 4QR",Y
ORDR_215,3,Bevarage,it031,"Diet Coke",1.5l,6,2023-05-21,"3 Willow Avenue",,Leeds,"LS12 6UV",Y
ORDR_215,3,Side,it018,"Chicken Wings",Regular,7,2023-06-29,"3 Willow Avenue",,Leeds,"LS12 6UV",Y
ORDR_216,3,Dessert,it026,"Banoffee Pie",Regular,7,2023-05-25,"9 Oak Street",,Leeds,"LS10 9NO",N
ORDR_216,3,Pizza,it010,Napolitana,Large,18,2023-06-21,"9 Oak Street",,Leeds,"LS10 9NO",Y
ORDR_217,3,Bevarage,it029,"Coca Cola",1.5l,6,2023-05-23,"5 Pine Crescent",,Glasgow,"G1 2ST",Y
ORDR_217,5,Pizza,it013,Seafood,Regular,17,2023-05-14,"5 Pine Crescent",,Glasgow,"G1 2ST",Y
ORDR_218,5,Pizza,it007,"Quattro Formaggi",Regular,16,2023-05-09,"10 Rosebank Terrace",,London,"SE8 4WX",Y
ORDR_218,1,Pizza,it016,Hawaiian,Large,17,2023-05-16,"10 Rosebank Terrace",,London,"SE8 4WX",Y
ORDR_219,1,Pizza,it015,Hawaiian,Regular,15,2023-05-15,"77 Oakwood Street",,Manchester,"M21 8NO",Y
ORDR_219,1,Bevarage,it031,"Diet Coke",1.5l,6,2023-05-22,"77 Oakwood Street",,Manchester,"M21 8NO",Y
ORDR_220,2,Bevarage,it036,"Sparkling Water",33cl,3,2023-05-01,"44 Maple Avenue",,Liverpool,"L2 1JK",Y
ORDR_220,4,Bevarage,it031,"Diet Coke",1.5l,6,2023-06-29,"44 Maple Avenue",,Liverpool,"L2 1JK",Y
ORDR_221,1,Side,it019,Breadsticks,Regular,5,2023-05-21,"88 Oakwood Terrace",,London,"N4 3DE",Y
ORDR_221,5,Pizza,it015,Hawaiian,Regular,15,2023-05-06,"88 Oakwood Terrace",,London,"N4 3DE",Y
ORDR_222,4,Pizza,it012,Pepperoni,Large,17,2023-06-28,"58 Cedarbrook Avenue",,London,"N3 6LM",Y
ORDR_222,4,Pizza,it003,Diavola,Regular,16,2023-05-12,"58 Cedarbrook Avenue",,London,"N3 6LM",Y
ORDR_223,1,Side,it019,Breadsticks,Regular,5,2023-06-29,"57 Elm Crescent",,Glasgow,"G3 5AB",Y
ORDR_223,3,Pizza,it007,"Quattro Formaggi",Regular,16,2023-06-06,"57 Elm Crescent",,Glasgow,"G3 5AB",Y
ORDR_224,2,Bevarage,it032,"7 Up",33cl,3,2023-06-03,"9 Oak Street",,Leeds,"LS10 9NO",Y
ORDR_224,2,Side,it018,"Chicken Wings",Regular,7,2023-05-30,"9 Oak Street",,Leeds,"LS10 9NO",Y
ORDR_225,3,Bevarage,it030,"Diet Coke",33cl,3,2023-05-11,"32 Victoria Avenue",,Newcastle,"NE12 4EF",Y
ORDR_225,3,Dessert,it022,"Vanilla Ice Cream",Regular,6,2023-05-01,"32 Victoria Avenue",,Newcastle,"NE12 4EF",Y
ORDR_226,4,Dessert,it026,"Banoffee Pie",Regular,7,2023-05-12,"45 Queen Road",,Newcastle,"NE7 6CD",Y
ORDR_226,1,Dessert,it026,"Banoffee Pie",Regular,7,2023-05-06,"45 Queen Road",,Newcastle,"NE7 6CD",Y
ORDR_227,2,Dessert,it021,"Chocolate Ice Cream",Regular,6,2023-05-31,"9 Willow Road",,Edinburgh,"EH9 2NO",Y
ORDR_227,4,Pizza,it016,Hawaiian,Large,17,2023-05-25,"9 Willow Road",,Edinburgh,"EH9 2NO",Y
ORDR_228,3,Pizza,it001,Margherita,Regular,12,2023-05-20,"16 Cedar Road",,Glasgow,"G20 7CD",Y
ORDR_228,1,Pizza,it016,Hawaiian,Large,17,2023-06-14,"16 Cedar Road",,Glasgow,"G20 7CD",Y
ORDR_229,4,Pizza,it011,Pepperoni,Regular,15,2023-05-20,"7 Cedar Avenue",,Sheffield,"S4 9ST",Y
ORDR_229,1,Side,it020,"Caesar Salad",Regular,7,2023-06-29,"7 Cedar Avenue",,Sheffield,"S4 9ST",Y
ORDR_230,2,Pizza,it015,Hawaiian,Regular,15,2023-05-24,"8 Willow Road",,Edinburgh,"EH8 2NO",N
ORDR_230,4,Pizza,it010,Napolitana,Large,18,2023-05-31,"8 Willow Road",,Edinburgh,"EH8 2NO",Y
ORDR_231,4,Bevarage,it036,"Sparkling Water",33cl,3,2023-05-27,"53 Maple Avenue",,Liverpool,"L9 1JK",Y
ORDR_231,2,Pizza,it014,Seafood,Large,20,2023-06-21,"53 Maple Avenue",,Liverpool,"L9 1JK",Y
ORDR_232,5,Bevarage,it029,"Coca Cola",1.5l,6,2023-06-03,"31 Maple Lane",,Birmingham,"B18 2ST",Y
ORDR_232,1,Pizza,it008,"Quattro Formaggi",Large,19,2023-05-05,"31 Maple Lane",,Birmingham,"B18 2ST",Y
ORDR_233,2,Bevarage,it035,Fanta,1.5l,6,2023-05-13,"37 Birch Road",,Leeds,"LS4 4QR",Y
ORDR_233,4,Bevarage,it034,Fanta,33cl,3,2023-06-24,"37 Birch Road",,Leeds,"LS4 4QR",Y
ORDR_234,1,Bevarage,it032,"7 Up",33cl,3,2023-06-15,"46 Queen Road",,Newcastle,"NE8 6CD",Y
ORDR_234,4,Pizza,it004,Diavola,Large,19,2023-05-29,"46 Queen Road",,Newcastle,"NE8 6CD",Y
ORDR_235,5,Pizza,it004,Diavola,Large,19,2023-05-30,"30 High Street",,Nottingham,"NG11 3JK",Y
ORDR_235,1,Side,it020,"Caesar Salad",Regular,7,2023-06-21,"30 High Street",,Nottingham,"NG11 3JK",Y
ORDR_236,5,Pizza,it014,Seafood,Large,20,2023-06-17,"11 Hollydale Close",,London,"E16 9NO",Y
ORDR_236,1,Dessert,it023,"Strawberry Ice Cream",Regular,6,2023-05-28,"11 Hollydale Close",,London,"E16 9NO",Y
ORDR_237,4,Pizza,it005,Parmigiana,Regular,15,2023-06-29,"90 Cedar Avenue",,Belfast,"BT16 9JK",Y
ORDR_237,2,Pizza,it012,Pepperoni,Large,17,2023-05-27,"90 Cedar Avenue",,Belfast,"BT16 9JK",Y
ORDR_238,4,Dessert,it025,"Chocolate Brownie",Regular,5,2023-05-24,"20 Pine Lane",,Bristol,"BS6 4EF",Y
ORDR_238,4,Dessert,it025,"Chocolate Brownie",Regular,5,2023-06-28,"20 Pine Lane",,Bristol,"BS6 4EF",Y
ORDR_239,1,Dessert,it023,"Strawberry Ice Cream",Regular,6,2023-05-09,"67 Willow Road",,Sheffield,"S10 3HI",Y
ORDR_239,5,Dessert,it026,"Banoffee Pie",Regular,7,2023-06-04,"67 Willow Road",,Sheffield,"S10 3HI",Y
ORDR_240,1,Pizza,it001,Margherita,Regular,12,2023-06-23,"42 Birch Road",,Leeds,"LS8 4QR",N
ORDR_240,4,Bevarage,it035,Fanta,1.5l,6,2023-05-30,"42 Birch Road",,Leeds,"LS8 4QR",Y
ORDR_241,3,Bevarage,it030,"Diet Coke",33cl,3,2023-05-16,"67 Willow Road",,Sheffield,"S10 3HI",Y
ORDR_241,1,Pizza,it008,"Quattro Formaggi",Large,19,2023-05-13,"67 Willow Road",,Sheffield,"S10 3HI",Y
ORDR_242,2,Pizza,it002,Margherita,Large,14,2023-06-09,"53 Oakwood Avenue",,Manchester,"M22 7NO",Y
ORDR_242,4,Pizza,it003,Diavola,Regular,16,2023-05-07,"53 Oakwood Avenue",,Manchester,"M22 7NO",Y
ORDR_243,4,Pizza,it003,Diavola,Regular,16,2023-05-16,"21 Pinehurst Lane",,London,"SW16 8NO",Y
ORDR_243,1,Pizza,it014,Seafood,Large,20,2023-06-04,"21 Pinehurst Lane",,London,"SW16 8NO",Y
ORDR_244,5,Dessert,it021,"Chocolate Ice Cream",Regular,6,2023-05-15,"46 Oak Street",,Bristol,"BS11 6GH",Y
ORDR_244,2,Dessert,it021,"Chocolate Ice Cream",Regular,6,2023-06-13,"46 Oak Street",,Bristol,"BS11 6GH",Y
ORDR_245,2,Bevarage,it034,Fanta,33cl,3,2023-06-12,"49 Pineview Gardens",,London,"W6 5KL",Y
ORDR_245,5,Pizza,it004,Diavola,Large,19,2023-05-18,"49 Pineview Gardens",,London,"W6 5KL",Y
ORDR_246,5,Bevarage,it028,"Coca Cola",33cl,3,2023-06-10,"37 Birch Road",,Leeds,"LS4 4QR",Y
ORDR_246,5,Dessert,it025,"Chocolate Brownie",Regular,5,2023-05-23,"37 Birch Road",,Leeds,"LS4 4QR",Y
ORDR_247,3,Pizza,it010,Napolitana,Large,18,2023-05-27,"72 Elm Street",,Edinburgh,"EH14 8PQ",Y
ORDR_247,4,Bevarage,it035,Fanta,1.5l,6,2023-06-18,"72 Elm Street",,Edinburgh,"EH14 8PQ",Y
ORDR_248,4,Pizza,it010,Napolitana,Large,18,2023-05-20,"49 Oakwood Avenue",,Manchester,"M21 7NO",Y
ORDR_248,4,Dessert,it027,"Fruit Salad",Regular,5,2023-06-05,"49 Oakwood Avenue",,Manchester,"M21 7NO",Y
ORDR_249,3,Pizza,it016,Hawaiian,Large,17,2023-05-25,"89 Cedar Avenue",,Belfast,"BT15 9JK",Y
ORDR_249,4,Pizza,it006,Parmigiana,Large,18,2023-06-11,"89 Cedar Avenue",,Belfast,"BT15 9JK",Y
ORDR_250,1,Pizza,it013,Seafood,Regular,17,2023-06-04,"25 Maple Crescent",,Manchester,"M10 3LM",Y
ORDR_250,1,Pizza,it003,Diavola,Regular,16,2023-06-13,"25 Maple Crescent",,Manchester,"M10 3LM",Y
ORDR_251,3,Pizza,it014,Seafood,Large,20,2023-05-31,"7 Birchwood Avenue",,Edinburgh,"EH16 7DE",Y
ORDR_251,2,Pizza,it001,Margherita,Regular,12,2023-06-28,"7 Birchwood Avenue",,Edinburgh,"EH16 7DE",Y
ORDR_252,2,Bevarage,it031,"Diet Coke",1.5l,6,2023-06-17,"56 Birch Lane",,Belfast,"BT9 5HI",Y
ORDR_252,4,Pizza,it014,Seafood,Large,20,2023-06-15,"56 Birch Lane",,Belfast,"BT9 5HI",Y
ORDR_253,4,Side,it019,Breadsticks,Regular,5,2023-06-19,"63 Elm Crescent",,Glasgow,"G7 5AB",Y
ORDR_253,3,Dessert,it023,"Strawberry Ice Cream",Regular,6,2023-06-11,"63 Elm Crescent",,Glasgow,"G7 5AB",Y
ORDR_254,4,Bevarage,it032,"7 Up",33cl,3,2023-06-26,"77 Oakwood Street",,Manchester,"M21 8NO",Y
ORDR_254,3,Bevarage,it031,"Diet Coke",1.5l,6,2023-06-16,"77 Oakwood Street",,Manchester,"M21 8NO",Y
ORDR_255,1,Dessert,it027,"Fruit Salad",Regular,5,2023-05-21,"77 Elm Street",,Edinburgh,"EH19 8PQ",Y
ORDR_255,1,Pizza,it010,Napolitana,Large,18,2023-05-15,"77 Elm Street",,Edinburgh,"EH19 8PQ",Y
ORDR_256,2,Pizza,it010,Napolitana,Large,18,2023-05-19,"72 Elm Street",,Edinburgh,"EH14 8PQ",Y
ORDR_256,4,Pizza,it016,Hawaiian,Large,17,2023-05-25,"72 Elm Street",,Edinburgh,"EH14 8PQ",Y
ORDR_257,4,Bevarage,it032,"7 Up",33cl,3,2023-05-17,"93 Cedar Avenue",,Belfast,"BT19 9JK",Y
ORDR_257,2,Dessert,it023,"Strawberry Ice Cream",Regular,6,2023-06-16,"93 Cedar Avenue",,Belfast,"BT19 9JK",Y
ORDR_258,1,Bevarage,it035,Fanta,1.5l,6,2023-05-12,"3 Willow Avenue",,Leeds,"LS12 6UV",Y
ORDR_258,1,Pizza,it005,Parmigiana,Regular,15,2023-06-23,"3 Willow Avenue",,Leeds,"LS12 6UV",Y
ORDR_259,1,Pizza,it015,Hawaiian,Regular,15,2023-05-09,"39 Queen Street",,Manchester,"M15 7XY",Y
ORDR_259,5,Pizza,it014,Seafood,Large,20,2023-05-01,"39 Queen Street",,Manchester,"M15 7XY",Y
ORDR_260,4,Bevarage,it031,"Diet Coke",1.5l,6,2023-06-09,"90 Cedar Avenue",,Belfast,"BT16 9JK",Y
ORDR_260,4,Bevarage,it036,"Sparkling Water",33cl,3,2023-06-04,"90 Cedar Avenue",,Belfast,"BT16 9JK",Y
ORDR_261,5,Side,it018,"Chicken Wings",Regular,7,2023-06-16,"77 Oakwood Street",,Manchester,"M21 8NO",N
ORDR_261,4,Bevarage,it033,"7 Up",1.5l,6,2023-05-02,"77 Oakwood Street",,Manchester,"M21 8NO",Y
ORDR_262,5,Pizza,it007,"Quattro Formaggi",Regular,16,2023-05-07,"7 Willow Avenue",,Leeds,"LS16 6UV",Y
ORDR_262,3,Bevarage,it034,Fanta,33cl,3,2023-05-13,"7 Willow Avenue",,Leeds,"LS16 6UV",Y
ORDR_263,1,Dessert,it026,"Banoffee Pie",Regular,7,2023-06-20,"51 Maple Avenue",,Liverpool,"L7 1JK",Y
ORDR_263,5,Bevarage,it030,"Diet Coke",33cl,3,2023-05-26,"51 Maple Avenue",,Liverpool,"L7 1JK",Y
ORDR_264,1,Pizza,it006,Parmigiana,Large,18,2023-05-20,"49 Oakwood Avenue",,Manchester,"M21 7NO",Y
ORDR_264,5,Dessert,it025,"Chocolate Brownie",Regular,5,2023-05-25,"49 Oakwood Avenue",,Manchester,"M21 7NO",Y
ORDR_265,1,Pizza,it011,Pepperoni,Regular,15,2023-06-14,"8 Cedar Road",,Glasgow,"G13 7CD",Y
ORDR_265,5,Dessert,it022,"Vanilla Ice Cream",Regular,6,2023-05-28,"8 Cedar Road",,Glasgow,"G13 7CD",N
ORDR_266,1,Bevarage,it034,Fanta,33cl,3,2023-06-27,"2 Willow Avenue",,Leeds,"LS9 6UV",Y
ORDR_266,3,Bevarage,it031,"Diet Coke",1.5l,6,2023-06-27,"2 Willow Avenue",,Leeds,"LS9 6UV",Y
ORDR_267,5,Side,it018,"Chicken Wings",Regular,7,2023-06-13,"9 Park Lane",,Nottingham,"NG5 2GH",Y
ORDR_267,3,Pizza,it012,Pepperoni,Large,17,2023-05-03,"9 Park Lane",,Nottingham,"NG5 2GH",Y
ORDR_268,4,Pizza,it010,Napolitana,Large,18,2023-06-07,"8 Pine Street",,Belfast,"BT3 3FG",Y
ORDR_268,5,Pizza,it011,Pepperoni,Regular,15,2023-05-20,"8 Pine Street",,Belfast,"BT3 3FG",Y
ORDR_269,3,Bevarage,it035,Fanta,1.5l,6,2023-06-13,"62 Elm Crescent",,Glasgow,"G6 5AB",Y
ORDR_269,1,Pizza,it009,Napolitana,Regular,16,2023-06-17,"62 Elm Crescent",,Glasgow,"G6 5AB",Y
ORDR_270,4,Pizza,it007,"Quattro Formaggi",Regular,16,2023-05-04,"42 Rosewood Avenue",,Cardiff,"CF14 1AB",Y
ORDR_270,5,Dessert,it022,"Vanilla Ice Cream",Regular,6,2023-05-05,"42 Rosewood Avenue",,Cardiff,"CF14 1AB",Y
ORDR_271,1,Dessert,it021,"Chocolate Ice Cream",Regular,6,2023-06-19,"45 Elmwood Road",,Cardiff,"CF17 7DE",Y
ORDR_271,4,Bevarage,it029,"Coca Cola",1.5l,6,2023-06-20,"45 Elmwood Road",,Cardiff,"CF17 7DE",Y
ORDR_272,5,Pizza,it012,Pepperoni,Large,17,2023-05-28,"85 Willowside Park",,London,"E3 2RQ",Y
ORDR_272,2,Side,it019,Breadsticks,Regular,5,2023-05-06,"85 Willowside Park",,London,"E3 2RQ",Y
ORDR_273,4,Pizza,it010,Napolitana,Large,18,2023-05-18,"54 Birch Lane",,Belfast,"BT7 5HI",Y
ORDR_273,4,Pizza,it010,Napolitana,Large,18,2023-06-10,"54 Birch Lane",,Belfast,"BT7 5HI",Y
ORDR_274,3,Pizza,it001,Margherita,Regular,12,2023-05-06,"23 Birch Crescent",,Liverpool,"L27 5LM",Y
ORDR_274,1,Side,it018,"Chicken Wings",Regular,7,2023-06-18,"23 Birch Crescent",,Liverpool,"L27 5LM",Y
ORDR_275,5,Bevarage,it029,"Coca Cola",1.5l,6,2023-05-28,"57 Elm Crescent",,Glasgow,"G3 5AB",Y
ORDR_275,1,Pizza,it007,"Quattro Formaggi",Regular,16,2023-05-27,"57 Elm Crescent",,Glasgow,"G3 5AB",Y
ORDR_276,4,Dessert,it021,"Chocolate Ice Cream",Regular,6,2023-06-08,"25 Maple Crescent",,Manchester,"M10 3LM",Y
ORDR_276,1,Dessert,it025,"Chocolate Brownie",Regular,5,2023-05-27,"25 Maple Crescent",,Manchester,"M10 3LM",Y
ORDR_277,2,Bevarage,it034,Fanta,33cl,3,2023-06-06,"22 Maple Lane",,Birmingham,"B9 2ST",Y
ORDR_277,3,Pizza,it009,Napolitana,Regular,16,2023-05-11,"22 Maple Lane",,Birmingham,"B9 2ST",Y
ORDR_278,2,Pizza,it005,Parmigiana,Regular,15,2023-05-10,"9 Oak Street",,Leeds,"LS10 9NO",Y
ORDR_278,4,Side,it020,"Caesar Salad",Regular,7,2023-05-27,"9 Oak Street",,Leeds,"LS10 9NO",Y
ORDR_279,4,Pizza,it016,Hawaiian,Large,17,2023-05-17,"6 Willow Road",,Edinburgh,"EH6 2NO",Y
ORDR_279,1,Bevarage,it030,"Diet Coke",33cl,3,2023-05-13,"6 Willow Road",,Edinburgh,"EH6 2NO",Y
ORDR_280,3,Dessert,it026,"Banoffee Pie",Regular,7,2023-06-30,"14 Cedar Road",,Glasgow,"G18 7CD",Y
ORDR_280,4,Dessert,it022,"Vanilla Ice Cream",Regular,6,2023-05-25,"14 Cedar Road",,Glasgow,"G18 7CD",Y
ORDR_281,5,Dessert,it021,"Chocolate Ice Cream",Regular,6,2023-05-20,"14 Church Road",,Nottingham,"NG15 6LM",Y
ORDR_281,3,Bevarage,it031,"Diet Coke",1.5l,6,2023-05-13,"14 Church Road",,Nottingham,"NG15 6LM",Y
ORDR_282,4,Side,it019,Breadsticks,Regular,5,2023-05-21,"45 Elmwood Road",,Cardiff,"CF17 7DE",N
ORDR_282,3,Pizza,it016,Hawaiian,Large,17,2023-06-20,"45 Elmwood Road",,Cardiff,"CF17 7DE",Y
ORDR_283,5,Pizza,it008,"Quattro Formaggi",Large,19,2023-05-24,"41 Birch Avenue",,Glasgow,"G12 4QR",Y
ORDR_283,5,Pizza,it012,Pepperoni,Large,17,2023-06-04,"41 Birch Avenue",,Glasgow,"G12 4QR",Y
ORDR_284,4,Pizza,it014,Seafood,Large,20,2023-06-30,"20 Elmwood Gardens",,London,"SW20 4CD",Y
ORDR_284,4,Pizza,it005,Parmigiana,Regular,15,2023-06-23,"20 Elmwood Gardens",,London,"SW20 4CD",Y
ORDR_285,2,Side,it020,"Caesar Salad",Regular,7,2023-06-10,"9 Willow Road",,Edinburgh,"EH9 2NO",Y
ORDR_285,4,Bevarage,it028,"Coca Cola",33cl,3,2023-05-10,"9 Willow Road",,Edinburgh,"EH9 2NO",Y
ORDR_286,5,Dessert,it026,"Banoffee Pie",Regular,7,2023-06-07,"75 Elm Street",,Edinburgh,"EH17 8PQ",Y
ORDR_286,5,Dessert,it027,"Fruit Salad",Regular,5,2023-06-28,"75 Elm Street",,Edinburgh,"EH17 8PQ",Y
ORDR_287,5,Bevarage,it035,Fanta,1.5l,6,2023-06-14,"6 Willow Road",,Edinburgh,"EH6 2NO",Y
ORDR_287,2,Pizza,it007,"Quattro Formaggi",Regular,16,2023-05-06,"6 Willow Road",,Edinburgh,"EH6 2NO",Y
ORDR_288,5,Pizza,it003,Diavola,Regular,16,2023-05-11,"15 Cedar Road",,Glasgow,"G19 7CD",N
ORDR_288,3,Dessert,it026,"Banoffee Pie",Regular,7,2023-06-13,"15 Cedar Road",,Glasgow,"G19 7CD",N
ORDR_289,1,Pizza,it001,Margherita,Regular,12,2023-05-07,"28 Rose Avenue",,Leeds,"LS1 4LM",Y
ORDR_289,5,Bevarage,it034,Fanta,33cl,3,2023-06-02,"28 Rose Avenue",,Leeds,"LS1 4LM",Y
ORDR_290,4,Dessert,it024,"Pistachio Ice Cream",Regular,6,2023-05-29,"30 Maple Lane",,Birmingham,"B17 2ST",Y
ORDR_290,2,Bevarage,it033,"7 Up",1.5l,6,2023-06-13,"30 Maple Lane",,Birmingham,"B17 2ST",Y
ORDR_291,3,Pizza,it007,"Quattro Formaggi",Regular,16,2023-05-31,"79 Oakwood Street",,Manchester,"M23 8NO",Y
ORDR_291,2,Pizza,it008,"Quattro Formaggi",Large,19,2023-05-06,"79 Oakwood Street",,Manchester,"M23 8NO",Y
ORDR_292,5,Pizza,it014,Seafood,Large,20,2023-05-30,"76 Oakwood Street",,Manchester,"M20 8NO",Y
ORDR_292,4,Pizza,it007,"Quattro Formaggi",Regular,16,2023-05-31,"76 Oakwood Street",,Manchester,"M20 8NO",Y
ORDR_293,3,Pizza,it005,Parmigiana,Regular,15,2023-05-21,"63 Cedar Road",,London,"E14 9JK",Y
ORDR_293,1,Pizza,it008,"Quattro Formaggi",Large,19,2023-06-15,"63 Cedar Road",,London,"E14 9JK",Y
ORDR_294,2,Pizza,it011,Pepperoni,Regular,15,2023-06-13,"48 Queen Road",,Newcastle,"NE10 6CD",Y
ORDR_294,3,Pizza,it011,Pepperoni,Regular,15,2023-06-05,"48 Queen Road",,Newcastle,"NE10 6CD",Y
ORDR_295,2,Dessert,it026,"Banoffee Pie",Regular,7,2023-05-15,"20 Elmwood Gardens",,London,"SW20 4CD",Y
ORDR_295,4,Bevarage,it028,"Coca Cola",33cl,3,2023-06-12,"20 Elmwood Gardens",,London,"SW20 4CD",Y
ORDR_296,4,Bevarage,it028,"Coca Cola",33cl,3,2023-05-29,"8 Cedar Avenue",,Sheffield,"S5 9ST",Y
ORDR_296,3,Pizza,it014,Seafood,Large,20,2023-05-14,"8 Cedar Avenue",,Sheffield,"S5 9ST",Y
ORDR_297,5,Pizza,it007,"Quattro Formaggi",Regular,16,2023-06-06,"33 Birch Road",,Leeds,"LS3 4QR",Y
ORDR_297,4,Pizza,it013,Seafood,Regular,17,2023-05-21,"33 Birch Road",,Leeds,"LS3 4QR",Y
ORDR_298,5,Dessert,it021,"Chocolate Ice Cream",Regular,6,2023-06-03,"3 Willow Avenue",,Leeds,"LS12 6UV",Y
ORDR_298,3,Pizza,it008,"Quattro Formaggi",Large,19,2023-05-26,"3 Willow Avenue",,Leeds,"LS12 6UV",Y
ORDR_299,3,Pizza,it012,Pepperoni,Large,17,2023-06-09,"9 Elmwood Lane",,Sheffield,"S13 5JK",Y
ORDR_299,2,Pizza,it006,Parmigiana,Large,18,2023-06-07,"9 Elmwood Lane",,Sheffield,"S13 5JK",Y
ORDR_300,2,Pizza,it008,"Quattro Formaggi",Large,19,2023-05-20,"91 Cedar Avenue",,Belfast,"BT17 9JK",Y
ORDR_300,4,Bevarage,it033,"7 Up",1.5l,6,2023-05-10,"91 Cedar Avenue",,Belfast,"BT17 9JK",Y
ORDR_301,4,Dessert,it025,"Chocolate Brownie",Regular,5,2023-06-06,"44 Maple Avenue",,Liverpool,"L2 1JK",Y
ORDR_301,2,Bevarage,it035,Fanta,1.5l,6,2023-06-10,"44 Maple Avenue",,Liverpool,"L2 1JK",Y
ORDR_302,2,Pizza,it009,Napolitana,Regular,16,2023-05-19,"3 Willow Avenue",,Leeds,"LS12 6UV",Y
ORDR_302,3,Pizza,it004,Diavola,Large,19,2023-05-29,"3 Willow Avenue",,Leeds,"LS12 6UV",N
ORDR_303,4,Pizza,it013,Seafood,Regular,17,2023-05-09,"57 Birch Lane",,Belfast,"BT10 5HI",N
ORDR_303,4,Bevarage,it032,"7 Up",33cl,3,2023-06-02,"57 Birch Lane",,Belfast,"BT10 5HI",Y
ORDR_304,4,Bevarage,it029,"Coca Cola",1.5l,6,2023-06-15,"30 High Street",,Nottingham,"NG11 3JK",Y
ORDR_304,2,Pizza,it002,Margherita,Large,14,2023-06-06,"30 High Street",,Nottingham,"NG11 3JK",Y
ORDR_305,3,Bevarage,it035,Fanta,1.5l,6,2023-05-15,"47 Maple Avenue",,Liverpool,"L4 1JK",Y
ORDR_305,5,Bevarage,it032,"7 Up",33cl,3,2023-05-30,"47 Maple Avenue",,Liverpool,"L4 1JK",Y
ORDR_306,3,Bevarage,it035,Fanta,1.5l,6,2023-05-18,"32 Maple Lane",,Birmingham,"B19 2ST",Y
ORDR_306,4,Pizza,it003,Diavola,Regular,16,2023-06-18,"32 Maple Lane",,Birmingham,"B19 2ST",Y
ORDR_307,3,Pizza,it016,Hawaiian,Large,17,2023-05-07,"5 Willow Avenue",,Leeds,"LS14 6UV",Y
ORDR_307,3,Bevarage,it029,"Coca Cola",1.5l,6,2023-05-03,"5 Willow Avenue",,Leeds,"LS14 6UV",Y
ORDR_308,2,Pizza,it008,"Quattro Formaggi",Large,19,2023-05-29,"51 Birch Lane",,Glasgow,"G14 4QR",Y
ORDR_308,5,Dessert,it023,"Strawberry Ice Cream",Regular,6,2023-06-17,"51 Birch Lane",,Glasgow,"G14 4QR",Y
ORDR_309,2,Pizza,it009,Napolitana,Regular,16,2023-06-09,"74 Elm Street",,Edinburgh,"EH16 8PQ",Y
ORDR_309,5,Pizza,it004,Diavola,Large,19,2023-06-21,"74 Elm Street",,Edinburgh,"EH16 8PQ",Y
ORDR_310,2,Bevarage,it035,Fanta,1.5l,6,2023-06-08,"12 Church Road",,Nottingham,"NG13 6LM",Y
ORDR_310,3,Side,it019,Breadsticks,Regular,5,2023-06-15,"12 Church Road",,Nottingham,"NG13 6LM",Y
ORDR_311,2,Pizza,it007,"Quattro Formaggi",Regular,16,2023-06-27,"19 Maplehurst Way",,London,"SW2 9CD",N
ORDR_311,1,Dessert,it027,"Fruit Salad",Regular,5,2023-06-20,"19 Maplehurst Way",,London,"SW2 9CD",N
ORDR_312,2,Pizza,it009,Napolitana,Regular,16,2023-06-14,"21 Pine Lane",,Bristol,"BS7 4EF",Y
ORDR_312,4,Pizza,it016,Hawaiian,Large,17,2023-05-21,"21 Pine Lane",,Bristol,"BS7 4EF",Y
ORDR_313,4,Dessert,it027,"Fruit Salad",Regular,5,2023-06-10,"5 Park Lane",,Nottingham,"NG1 2GH",Y
ORDR_313,4,Pizza,it006,Parmigiana,Large,18,2023-06-10,"5 Park Lane",,Nottingham,"NG1 2GH",Y
ORDR_314,4,Dessert,it024,"Pistachio Ice Cream",Regular,6,2023-06-14,"18 Oak Lane",,Cardiff,"CF26 4XY",N
ORDR_314,1,Pizza,it001,Margherita,Regular,12,2023-05-21,"18 Oak Lane",,Cardiff,"CF26 4XY",Y
ORDR_315,1,Dessert,it023,"Strawberry Ice Cream",Regular,6,2023-06-10,"9 Elmwood Lane",,Sheffield,"S13 5JK",Y
ORDR_315,4,Pizza,it014,Seafood,Large,20,2023-05-26,"9 Elmwood Lane",,Sheffield,"S13 5JK",Y
ORDR_316,3,Dessert,it021,"Chocolate Ice Cream",Regular,6,2023-05-18,"71 Oakridge Lane",,London,"N19 5UV",Y
ORDR_316,5,Pizza,it009,Napolitana,Regular,16,2023-06-06,"71 Oakridge Lane",,London,"N19 5UV",Y
ORDR_317,1,Pizza,it004,Diavola,Large,19,2023-06-27,"76 Oakwood Street",,Manchester,"M20 8NO",Y
ORDR_317,1,Bevarage,it030,"Diet Coke",33cl,3,2023-06-20,"76 Oakwood Street",,Manchester,"M20 8NO",Y
ORDR_318,1,Bevarage,it030,"Diet Coke",33cl,3,2023-05-29,"33 Victoria Avenue",,Newcastle,"NE13 4EF",N
ORDR_318,2,Pizza,it013,Seafood,Regular,17,2023-05-28,"33 Victoria Avenue",,Newcastle,"NE13 4EF",Y
ORDR_319,1,Side,it018,"Chicken Wings",Regular,7,2023-05-11,"41 High Road",,Birmingham,"B10 3HI",Y
ORDR_319,3,Pizza,it006,Parmigiana,Large,18,2023-05-17,"41 High Road",,Birmingham,"B10 3HI",Y
ORDR_320,3,Dessert,it026,"Banoffee Pie",Regular,7,2023-05-04,"74 Elm Street",,Edinburgh,"EH16 8PQ",Y
ORDR_320,4,Pizza,it015,Hawaiian,Regular,15,2023-06-18,"74 Elm Street",,Edinburgh,"EH16 8PQ",Y
ORDR_321,4,Pizza,it014,Seafood,Large,20,2023-05-01,"2 Willow Avenue",,Leeds,"LS9 6UV",Y
ORDR_321,5,Pizza,it015,Hawaiian,Regular,15,2023-06-07,"2 Willow Avenue",,Leeds,"LS9 6UV",Y
ORDR_322,1,Dessert,it022,"Vanilla Ice Cream",Regular,6,2023-05-01,"8 Cedar Road",,Glasgow,"G13 7CD",N
ORDR_322,4,Pizza,it009,Napolitana,Regular,16,2023-05-28,"8 Cedar Road",,Glasgow,"G13 7CD",Y
ORDR_323,1,Pizza,it007,"Quattro Formaggi",Regular,16,2023-05-06,"20 Oak Lane",,Cardiff,"CF28 4XY",Y
ORDR_323,2,Side,it020,"Caesar Salad",Regular,7,2023-06-26,"20 Oak Lane",,Cardiff,"CF28 4XY",Y
ORDR_324,1,Pizza,it010,Napolitana,Large,18,2023-06-11,"89 Cedar Avenue",,Belfast,"BT15 9JK",Y
ORDR_324,4,Pizza,it011,Pepperoni,Regular,15,2023-05-01,"89 Cedar Avenue",,Belfast,"BT15 9JK",Y
ORDR_325,4,Pizza,it010,Napolitana,Large,18,2023-06-10,"91 Maple Crescent",,Edinburgh,"EH13 4XY",Y
ORDR_325,1,Pizza,it014,Seafood,Large,20,2023-05-29,"91 Maple Crescent",,Edinburgh,"EH13 4XY",Y
ORDR_326,5,Pizza,it008,"Quattro Formaggi",Large,19,2023-06-18,"9 Willow Road",,Edinburgh,"EH9 2NO",Y
ORDR_326,3,Bevarage,it028,"Coca Cola",33cl,3,2023-05-23,"9 Willow Road",,Edinburgh,"EH9 2NO",Y
ORDR_327,2,Pizza,it006,Parmigiana,Large,18,2023-05-18,"39 Birch Road",,Leeds,"LS5 4QR",Y
ORDR_327,1,Side,it019,Breadsticks,Regular,5,2023-06-08,"39 Birch Road",,Leeds,"LS5 4QR",Y
ORDR_328,5,Bevarage,it034,Fanta,33cl,3,2023-05-14,"41 High Road",,Birmingham,"B10 3HI",Y
ORDR_328,3,Dessert,it026,"Banoffee Pie",Regular,7,2023-06-17,"41 High Road",,Birmingham,"B10 3HI",Y
ORDR_329,1,Dessert,it025,"Chocolate Brownie",Regular,5,2023-06-01,"91 Cedar Avenue",,Belfast,"BT17 9JK",Y
ORDR_329,5,Pizza,it005,Parmigiana,Regular,15,2023-06-10,"91 Cedar Avenue",,Belfast,"BT17 9JK",Y
ORDR_330,2,Dessert,it021,"Chocolate Ice Cream",Regular,6,2023-05-24,"17 Oakwood Road",,Edinburgh,"EH1 1AB",Y
ORDR_330,3,Dessert,it027,"Fruit Salad",Regular,5,2023-06-23,"17 Oakwood Road",,Edinburgh,"EH1 1AB",Y
ORDR_331,1,Bevarage,it031,"Diet Coke",1.5l,6,2023-06-18,"29 Church Lane",,Birmingham,"B28 5JK",Y
ORDR_331,3,Pizza,it001,Margherita,Regular,12,2023-05-05,"29 Church Lane",,Birmingham,"B28 5JK",Y
ORDR_332,5,Dessert,it026,"Banoffee Pie",Regular,7,2023-06-30,"90 Cedar Avenue",,Belfast,"BT16 9JK",Y
ORDR_332,4,Bevarage,it033,"7 Up",1.5l,6,2023-06-15,"90 Cedar Avenue",,Belfast,"BT16 9JK",Y
ORDR_333,5,Bevarage,it035,Fanta,1.5l,6,2023-05-06,"23 Maple Crescent",,Manchester,"M8 3LM",Y
ORDR_333,3,Pizza,it006,Parmigiana,Large,18,2023-05-18,"23 Maple Crescent",,Manchester,"M8 3LM",Y
ORDR_334,5,Pizza,it010,Napolitana,Large,18,2023-06-21,"19 Maplehurst Way",,London,"SW2 9CD",Y
ORDR_334,3,Pizza,it005,Parmigiana,Regular,15,2023-06-07,"19 Maplehurst Way",,London,"SW2 9CD",Y
ORDR_335,1,Pizza,it016,Hawaiian,Large,17,2023-05-04,"91 Cedar Avenue",,Belfast,"BT17 9JK",Y
ORDR_335,5,Bevarage,it030,"Diet Coke",33cl,3,2023-05-08,"91 Cedar Avenue",,Belfast,"BT17 9JK",Y
ORDR_336,1,Pizza,it012,Pepperoni,Large,17,2023-06-12,"60 Elm Street",,Liverpool,"L3 5GH",Y
ORDR_336,2,Pizza,it001,Margherita,Regular,12,2023-05-09,"60 Elm Street",,Liverpool,"L3 5GH",Y
ORDR_337,3,Bevarage,it034,Fanta,33cl,3,2023-06-03,"42 Rosewood Avenue",,Cardiff,"CF14 1AB",Y
ORDR_337,1,Side,it018,"Chicken Wings",Regular,7,2023-05-09,"42 Rosewood Avenue",,Cardiff,"CF14 1AB",Y
ORDR_338,3,Bevarage,it028,"Coca Cola",33cl,3,2023-05-22,"14 Pine Lane",,Birmingham,"B7 4PQ",Y
ORDR_338,4,Pizza,it005,Parmigiana,Regular,15,2023-05-17,"14 Pine Lane",,Birmingham,"B7 4PQ",Y
ORDR_339,5,Bevarage,it032,"7 Up",33cl,3,2023-05-04,"6 Willow Road",,Edinburgh,"EH6 2NO",Y
ORDR_339,1,Side,it017,"Garlic Bread",Regular,6,2023-05-11,"6 Willow Road",,Edinburgh,"EH6 2NO",Y
ORDR_340,1,Bevarage,it033,"7 Up",1.5l,6,2023-05-15,"7 Pine Street",,Belfast,"BT2 3FG",Y
ORDR_340,2,Pizza,it001,Margherita,Regular,12,2023-06-25,"7 Pine Street",,Belfast,"BT2 3FG",Y
ORDR_341,2,Pizza,it010,Napolitana,Large,18,2023-05-25,"73 Elm Street",,Edinburgh,"EH15 8PQ",Y
ORDR_341,5,Pizza,it003,Diavola,Regular,16,2023-06-24,"73 Elm Street",,Edinburgh,"EH15 8PQ",Y
ORDR_342,2,Dessert,it021,"Chocolate Ice Cream",Regular,6,2023-05-15,"53 Oakwood Avenue",,Manchester,"M22 7NO",Y
ORDR_342,3,Dessert,it021,"Chocolate Ice Cream",Regular,6,2023-06-16,"53 Oakwood Avenue",,Manchester,"M22 7NO",Y
ORDR_343,1,Bevarage,it033,"7 Up",1.5l,6,2023-05-08,"43 Elmwood Road",,Cardiff,"CF15 7DE",Y
ORDR_343,1,Bevarage,it034,Fanta,33cl,3,2023-06-21,"43 Elmwood Road",,Cardiff,"CF15 7DE",N
ORDR_344,3,Bevarage,it030,"Diet Coke",33cl,3,2023-06-26,"10 Oak Lane",,Leeds,"LS11 9NO",Y
ORDR_344,1,Dessert,it021,"Chocolate Ice Cream",Regular,6,2023-05-20,"10 Oak Lane",,Leeds,"LS11 9NO",Y
ORDR_345,3,Pizza,it013,Seafood,Regular,17,2023-05-24,"8 Cedar Road",,Glasgow,"G13 7CD",Y
ORDR_345,4,Pizza,it016,Hawaiian,Large,17,2023-05-20,"8 Cedar Road",,Glasgow,"G13 7CD",Y
ORDR_346,5,Pizza,it013,Seafood,Regular,17,2023-06-19,"9 Oak Street",,Leeds,"LS10 9NO",Y
ORDR_346,1,Pizza,it010,Napolitana,Large,18,2023-05-16,"9 Oak Street",,Leeds,"LS10 9NO",Y
ORDR_347,3,Bevarage,it035,Fanta,1.5l,6,2023-05-15,"79 Oakwood Street",,Manchester,"M23 8NO",Y
ORDR_347,3,Pizza,it001,Margherita,Regular,12,2023-06-14,"79 Oakwood Street",,Manchester,"M23 8NO",Y
ORDR_348,1,Side,it020,"Caesar Salad",Regular,7,2023-06-24,"85 Willowside Park",,London,"E3 2RQ",Y
ORDR_348,4,Dessert,it027,"Fruit Salad",Regular,5,2023-05-16,"85 Willowside Park",,London,"E3 2RQ",N
ORDR_349,1,Side,it018,"Chicken Wings",Regular,7,2023-06-15,"71 Oakridge Lane",,London,"N19 5UV",Y
ORDR_349,4,Bevarage,it034,Fanta,33cl,3,2023-05-15,"71 Oakridge Lane",,London,"N19 5UV",Y
ORDR_350,5,Pizza,it006,Parmigiana,Large,18,2023-05-30,"43 Elmwood Road",,Cardiff,"CF15 7DE",Y
ORDR_350,1,Dessert,it026,"Banoffee Pie",Regular,7,2023-05-09,"43 Elmwood Road",,Cardiff,"CF15 7DE",Y
ORDR_351,2,Pizza,it009,Napolitana,Regular,16,2023-05-28,"27 High Street",,Nottingham,"NG8 3JK",Y
