cust_id,cust_firstname,cust_lastname
cust001,Lily,Anderson
cust002,Henry,Bailey
cust003,Sophie,Carter
cust004,Alexander,Davies
cust005,Amelia,Edwards
cust006,Benjamin,Foster
cust007,Grace,Gibson
cust008,Samuel,Harris
cust009,Olivia,Jackson
cust010,Edward,King
cust011,Mia,Lewis
cust012,Thomas,Mitchell
cust013,Ava,Nelson
cust014,Daniel,Owens
cust015,Isabella,Parker
cust016,George,Quinn
cust017,Sophia,Robinson
cust018,Jack,Smith
cust019,Poppy,Taylor
cust020,Jacob,Turner
cust021,Ruby,Underwood
cust022,Ethan,Walker
cust023,Ella,Williams
cust024,Noah,Young
cust025,Harper,Bennett
cust026,Joshua,Clark
cust027,Florence,Davis
cust028,Oscar,Evans
cust029,Evie,Franklin
cust030,Leo,Green
cust031,Alice,Hughes
cust032,Max,Ingram
cust033,Millie,Johnson
cust034,Charlie,Knight
cust035,Chloe,Lawson
cust036,Harry,Morris
cust037,Matilda,Nash
cust038,Sebastian,O'Connor
cust039,Isabelle,Powell
cust040,Rupert,Rogers
cust041,James,Scott
cust042,Hannah,Stewart
cust043,Liam,Turner
cust044,Emily,Vance
cust045,Dylan,Watson
cust046,Scarlett,Xavier
cust047,Oliver,Young
cust048,Ella,Zimmerman
cust049,Charlie,Adams
cust050,Sophie,Brooks
cust051,Jack,Chapman
cust052,Amelia,Duncan
cust053,Thomas,Edwards
cust054,Lily,Foster
cust055,George,Graham
cust056,Isla,Hamilton
cust057,Henry,Innes
cust058,Olivia,James
cust059,Ethan,Kelly
cust060,Mia,Lane
cust061,Ava,McDonald
cust062,Jacob,Norris
cust063,Poppy,Olsen
cust064,Alexander,Perry
cust065,Grace,Quinn
cust066,Benjamin,Ross
cust067,Isabella,Stevens
cust068,Samuel,Thompson
cust069,Ruby,Upton
cust070,Noah,Vaughn
cust071,Harper,White
cust072,Florence,Xu
cust073,Joshua,Young
cust074,Evie,Zane
cust075,Leo,Armstrong
cust076,Alice,Bailey
cust077,Max,Carter
cust078,Millie,Davies
cust079,Charlie,Edwards
cust080,Chloe,Foster
cust081,Harry,Gibson
cust082,Matilda,Harris
cust083,Sebastian,Jackson
cust084,Isabelle,King
cust085,Rupert,Lewis
cust086,James,Mitchell
cust087,Hannah,Nelson
cust088,Liam,Owens
cust089,Emily,Parker
cust090,Dylan,Quinn
cust091,Scarlett,Robinson
cust092,Oliver,Smith
cust093,Ella,Taylor
cust094,Charlie,Turner
cust095,Sophie,Underwood
cust096,Jack,Walker
cust097,Amelia,Williams
cust098,Thomas,Young
cust099,Lily,Bennett
cust100,George,Clark
cust101,Mia,Davis
cust102,Ethan,Evans
cust103,Alice,Foster
cust104,Max,Graham
cust105,Millie,Hamilton
cust106,Charlie,Innes
cust107,Chloe,Jackson
cust108,Harry,King
cust109,Matilda,Lewis
cust110,Sebastian,Mitchell
cust111,Isabelle,Nelson
cust112,Rupert,Owens
cust113,James,Parker
cust114,Hannah,Quinn
cust115,Liam,Robinson
cust116,Emily,Smith
cust117,Dylan,Taylor
cust118,Scarlett,Turner
cust119,Oliver,Underwood
cust120,Ella,Walker
cust121,Charlie,Williams
cust122,Sophie,Young
cust123,Jack,Bennett
cust124,Amelia,Clark
cust125,Thomas,Davis
cust126,Lily,Evans
cust127,George,Foster
cust128,Mia,Graham
cust129,Ethan,Hamilton
cust130,Alice,Innes
cust131,Max,Jackson
cust132,Millie,King
cust133,Charlie,Lewis
cust134,Chloe,Mitchell
cust135,Harry,Nelson
cust136,Matilda,Owens
cust137,Sebastian,Parker
cust138,Isabelle,Quinn
cust139,Rupert,Robinson
cust140,James,Smith
cust141,Hannah,Taylor
cust142,Liam,Turner
cust143,Emily,Underwood
cust144,Dylan,Walker
cust145,Scarlett,Williams
cust146,Oliver,Young
cust147,Ella,Bennett
cust148,Charlie,Clark
cust149,Sophie,Davis
cust150,Jack,Evans
cust151,Amelia,Foster
cust152,Thomas,Graham
cust153,Lily,Hamilton
cust154,George,Innes
cust155,Mia,Jackson
cust156,Ethan,King
cust157,Alice,Lewis
cust158,Max,Mitchell
cust159,Millie,Nelson
cust160,Charlie,Owens
cust161,Chloe,Parker
cust162,Harry,Quinn
cust163,Matilda,Robinson
cust164,Sebastian,Smith
cust165,Isabelle,Taylor
cust166,Rupert,Turner
cust167,James,Underwood
cust168,Hannah,Walker
cust169,Liam,Williams
cust170,Emily,Young
cust171,Dylan,Bennett
cust172,Scarlett,Clark
cust173,Oliver,Davis
cust174,Ella,Evans
cust175,Charlie,Foster
cust176,Sophie,Graham
cust177,Jack,Hamilton
cust178,Amelia,Innes
cust179,Thomas,Jackson
cust180,Lily,King
cust181,George,Lewis
cust182,Mia,Mitchell
cust183,Ethan,Nelson
cust184,Alice,Owens
cust185,Max,Parker
cust186,Millie,Quinn
cust187,Charlie,Robinson
cust188,Chloe,Smith
cust189,Harry,Taylor
cust190,Matilda,Turner
cust191,Sebastian,Underwood
cust192,Isabelle,Walker
cust193,Rupert,Williams
cust194,James,Young
cust195,Hannah,Bennett
cust196,Liam,Clark
cust197,Emily,Davis
cust198,Dylan,Evans
cust199,Scarlett,Foster
cust200,Oliver,Graham
cust201,Ella,Hamilton
cust202,Charlie,Innes
cust203,Sophie,Jackson
cust204,Jack,King
cust205,Amelia,Lewis
cust206,Thomas,Mitchell
cust207,Lily,Nelson
cust208,George,Owens
cust209,Mia,Parker
cust210,Ethan,Quinn
cust211,Alice,Robinson
cust212,Max,Smith
cust213,Millie,Taylor
cust214,Charlie,Turner
cust215,Chloe,Underwood
cust216,Harry,Walker
cust217,Matilda,Williams
cust218,Sebastian,Young
cust219,Isabelle,Bennett
cust220,Rupert,Clark
cust221,James,Davis
cust222,Hannah,Evans
cust223,Liam,Foster
cust224,Emily,Graham
cust225,Dylan,Hamilton
cust226,Scarlett,Innes
cust227,Oliver,Jackson
cust228,Ella,King
cust229,Charlie,Lewis
cust230,Sophie,Mitchell
cust231,Jack,Nelson
cust232,Amelia,Owens
cust233,Thomas,Parker
cust234,Lily,Quinn
cust235,George,Robinson
cust236,Mia,Smith
cust237,Ethan,Taylor
cust238,Alice,Turner
cust239,Max,Underwood
cust240,Millie,Walker
cust241,Charlie,Williams
cust242,Chloe,Young
cust243,Harry,Bennett
cust244,Matilda,Clark
cust245,Sebastian,Davis
cust246,Isabelle,Evans
cust247,Rupert,Foster
cust248,James,Graham
cust249,Hannah,Hamilton
cust250,Liam,Innes
cust251,Emily,Jackson
cust252,Dylan,King
cust253,Scarlett,Lewis
cust254,Oliver,Mitchell
cust255,Ella,Nelson
cust256,Charlie,Owens
cust257,Sophie,Parker
cust258,Jack,Quinn
cust259,Amelia,Robinson
cust260,Thomas,Smith
cust261,Lily,Taylor
cust262,George,Turner
cust263,Mia,Underwood
cust264,Ethan,Walker
cust265,Alice,Williams
cust266,Max,Young
cust267,Millie,Bennett
cust268,Charlie,Clark
cust269,Chloe,Davis
cust270,Harry,Evans
cust271,Matilda,Foster
cust272,Sebastian,Graham
cust273,Isabelle,Hamilton
cust274,Rupert,Innes
cust275,James,Jackson
cust276,Hannah,King
cust277,Liam,Lewis
cust278,Emily,Mitchell
cust279,Dylan,Nelson
cust280,Scarlett,Owens
